group,trial,best_val_acc,lr,batch_size,dropout,decay,pruned,epochs
resnet18,1,0.8249,0.00017,128,0.27,0.999,False,15
resnet18,10,0.8084,0.00217,512,0.22,0.997,False,6
resnet18,11,0.8273,0.00045,32,0.11,0.922,False,12
resnet18,12,0.8116,0.00075,128,0.17,0.963,True,6
resnet18,13,0.8081,0.00428,128,0.13,0.958,True,6
resnet18,14,0.8101,0.00103,128,0.19,0.98,True,6
resnet18,15,0.8109,0.00112,128,0.25,0.933,True,6
resnet18,16,0.8097,0.00401,32,0.19,0.954,True,6
resnet18,17,0.8194,0.00037,64,0.14,0.974,False,9
resnet18,18,0.8036,0.00959,1024,0.24,0.945,True,6
resnet18,19,0.8091,0.00186,256,0.19,0.962,True,6
resnet18,2,0.8242,0.00201,64,0.17,0.971,False,14
resnet18,20,0.8124,0.00049,128,0.26,0.985,True,6
resnet18,21,0.8206,0.00322,128,0.21,0.932,True,12
resnet18,22,0.8331,0.00034,32,0.1,0.916,False,15
resnet18,23,0.8295,0.00027,32,0.11,0.907,False,11
resnet18,24,0.8362,0.00024,32,0.1,0.907,False,17
resnet18,25,0.8211,0.00025,32,0.12,0.901,False,6
resnet18,26,0.8187,0.00062,32,0.1,0.921,True,9
resnet18,27,0.8132,0.00023,32,0.14,0.918,True,6
resnet18,28,0.8294,0.00017,32,0.12,0.913,False,14
resnet18,29,0.8299,0.00036,32,0.15,0.929,False,12
resnet18,3,0.8181,0.00013,1024,0.16,0.909,False,13
resnet18,30,0.8101,0.00016,1024,0.17,0.903,True,6
resnet18,31,0.8357,0.00077,256,0.12,0.917,False,11
resnet18,32,0.8136,0.00064,256,0.12,0.916,False,6
resnet18,33,0.8288,0.00033,256,0.13,0.911,False,14
resnet18,34,0.8163,0.00017,64,0.1,0.925,True,9
resnet18,35,0.8338,0.0008,256,0.14,0.939,False,21
resnet18,36,0.8128,0.00084,256,0.13,0.937,True,6
resnet18,37,0.8232,0.00128,256,0.16,0.905,False,8
resnet18,38,0.8211,0.00055,256,0.12,0.91,False,9
resnet18,39,0.8124,0.00084,256,0.1,0.927,True,6
resnet18,4,0.8305,0.00385,128,0.19,0.973,False,19
resnet18,40,0.8142,0.00011,64,0.11,0.943,True,6
resnet18,41,0.8134,0.00029,1024,0.16,0.916,True,6
resnet18,42,0.8294,0.00156,512,0.13,0.939,False,9
resnet18,43,0.8217,0.00043,256,0.14,0.95,False,8
resnet18,44,0.7975,0.00721,32,0.11,0.97,True,6
resnet18,45,0.8112,0.00021,256,0.18,0.994,True,6
resnet18,46,0.813,0.00013,512,0.3,0.921,True,6
resnet18,47,0.8244,0.0024,128,0.13,0.907,False,9
resnet18,48,0.8036,0.00686,32,0.11,0.931,True,6
resnet18,49,0.8201,0.00073,128,0.15,0.913,True,9
resnet18,5,0.8218,0.00011,512,0.22,0.938,False,15
resnet18,50,0.8193,0.00042,32,0.23,0.976,False,7
resnet18,6,0.823,0.00509,512,0.3,0.945,False,14
resnet18,7,0.8288,0.00146,128,0.2,0.954,False,19
resnet18,8,0.8141,0.00237,512,0.28,0.988,False,10
resnet18,9,0.8189,0.0088,256,0.23,0.971,False,11
modular_classifier,1,0.8049,0.00353,128,0.11,0.959,False,6
modular_classifier,10,0.8069,0.0005,64,0.23,0.964,False,5
modular_classifier,11,0.8098,0.00136,1024,0.3,0.902,False,6
modular_classifier,12,0.829,0.00032,64,0.17,0.98,False,13
modular_classifier,13,0.8202,0.00022,128,0.18,0.979,False,11
modular_classifier,14,0.815,0.00084,64,0.17,0.936,False,8
modular_classifier,15,0.8155,0.00022,256,0.27,0.98,True,9
modular_classifier,16,0.8186,0.00037,1024,0.21,0.978,False,9
modular_classifier,17,0.8151,0.00237,64,0.17,0.942,False,8
modular_classifier,18,0.8174,0.00098,128,0.21,0.984,False,10
modular_classifier,19,0.8206,0.00016,128,0.26,0.97,False,12
modular_classifier,2,0.8251,0.00165,32,0.13,0.923,False,12
modular_classifier,20,0.8256,0.00035,64,0.16,0.929,False,11
modular_classifier,21,0.8136,0.00061,512,0.22,0.987,True,9
modular_classifier,22,0.8304,0.00034,64,0.15,0.99,False,14
modular_classifier,23,0.8089,0.0003,64,0.19,0.972,True,6
modular_classifier,24,0.8073,0.00016,64,0.16,0.998,True,6
modular_classifier,25,0.8296,0.00049,64,0.15,0.988,False,13
modular_classifier,26,0.8182,0.00055,1024,0.15,0.989,False,8
modular_classifier,27,0.8092,0.00079,256,0.26,0.989,True,6
modular_classifier,28,0.8244,0.0013,32,0.22,0.974,False,15
modular_classifier,29,0.8152,0.00016,128,0.1,0.964,True,9
modular_classifier,3,0.8153,0.00011,32,0.2,0.998,False,7
modular_classifier,30,0.8119,0.009,128,0.12,0.959,False,9
modular_classifier,31,0.806,0.00388,64,0.15,0.915,False,6
modular_classifier,32,0.8166,0.00044,64,0.19,0.983,True,9
modular_classifier,33,0.8192,0.00029,64,0.18,0.995,False,9
modular_classifier,34,0.8088,0.00045,64,0.17,0.98,True,6
modular_classifier,35,0.8143,0.00071,32,0.14,0.993,False,8
modular_classifier,36,0.8152,0.00019,64,0.2,0.984,True,9
modular_classifier,37,0.8087,0.00032,64,0.12,0.944,True,6
modular_classifier,38,0.8199,0.00042,256,0.14,0.974,True,12
modular_classifier,39,0.8244,0.00028,32,0.16,0.99,False,12
modular_classifier,4,0.8218,0.00024,256,0.13,0.955,False,14
modular_classifier,40,0.8148,0.00013,512,0.13,0.966,False,9
modular_classifier,41,0.8089,0.00056,128,0.28,0.997,True,6
modular_classifier,42,0.8049,0.00039,64,0.14,0.993,False,5
modular_classifier,43,0.816,0.00025,64,0.25,0.991,False,7
modular_classifier,44,0.8273,0.00102,64,0.12,0.983,False,11
modular_classifier,45,0.8252,0.00051,64,0.15,0.978,False,11
modular_classifier,46,0.8297,0.00021,64,0.13,0.986,False,16
modular_classifier,47,0.8141,0.00013,1024,0.11,0.975,False,9
modular_classifier,48,0.8189,0.0002,64,0.13,0.999,False,9
modular_classifier,49,0.8291,0.00026,128,0.16,0.96,False,16
modular_classifier,5,0.8285,0.00036,64,0.14,0.991,False,13
modular_classifier,50,0.8285,0.00025,128,0.13,0.971,False,15
modular_classifier,6,0.812,0.00677,128,0.11,0.968,False,10
modular_classifier,7,0.8318,0.00037,128,0.24,0.984,False,17
modular_classifier,8,0.8107,0.00064,512,0.24,0.953,False,6
modular_classifier,9,0.816,0.00011,512,0.24,0.994,False,9
