group,trial,epoch,max_epoch,lr,batch_size,dropout,decay,train_loss,train_acc,val_loss,val_acc
resnet18,1,1,25,0.00017,128,0.27,0.999,0.804,0.7419,0.513,0.7873
resnet18,1,2,25,0.00017,128,0.27,0.999,0.455,0.8332,0.4503,0.8059
resnet18,1,3,25,0.00017,128,0.27,0.999,0.4042,0.848,0.4339,0.8074
resnet18,1,4,25,0.00017,128,0.27,0.999,0.3783,0.8564,0.4392,0.81
resnet18,1,5,25,0.00017,128,0.27,0.999,0.3577,0.8621,0.4446,0.804
resnet18,1,6,25,0.00017,128,0.27,0.999,0.3446,0.8661,0.424,0.8119
resnet18,1,7,25,0.00017,128,0.27,0.999,0.3331,0.8695,0.4269,0.8109
resnet18,1,8,25,0.00017,128,0.27,0.999,0.3217,0.8731,0.4183,0.8182
resnet18,1,9,25,0.00017,128,0.27,0.999,0.3125,0.8757,0.431,0.8111
resnet18,1,10,25,0.00017,128,0.27,0.999,0.305,0.8782,0.4167,0.8193
resnet18,1,11,25,0.00017,128,0.27,0.999,0.2984,0.8801,0.4314,0.8126
resnet18,1,12,25,0.00017,128,0.27,0.999,0.2951,0.8812,0.4058,0.8249
resnet18,1,13,25,0.00017,128,0.27,0.999,0.2852,0.8851,0.4101,0.8186
resnet18,1,14,25,0.00017,128,0.27,0.999,0.2805,0.8863,0.4232,0.8197
resnet18,1,15,25,0.00017,128,0.27,0.999,0.2755,0.8885,0.4397,0.8186
resnet18,10,1,25,0.00217,512,0.22,0.997,0.651,0.7738,0.603,0.7604
resnet18,10,2,25,0.00217,512,0.22,0.997,0.4327,0.8377,0.5267,0.78
resnet18,10,3,25,0.00217,512,0.22,0.997,0.3911,0.8515,0.4483,0.8084
resnet18,10,4,25,0.00217,512,0.22,0.997,0.3694,0.8579,0.4874,0.797
resnet18,10,5,25,0.00217,512,0.22,0.997,0.3539,0.8634,0.4543,0.8045
resnet18,10,6,25,0.00217,512,0.22,0.997,0.3404,0.8671,0.4427,0.8031
resnet18,11,1,25,0.00045,32,0.11,0.922,0.7179,0.7543,0.5199,0.7784
resnet18,11,2,25,0.00045,32,0.11,0.922,0.4716,0.8257,0.4547,0.8043
resnet18,11,3,25,0.00045,32,0.11,0.922,0.4117,0.8453,0.4545,0.8011
resnet18,11,4,25,0.00045,32,0.11,0.922,0.3792,0.8549,0.4298,0.8093
resnet18,11,5,25,0.00045,32,0.11,0.922,0.3558,0.8626,0.4177,0.8134
resnet18,11,6,25,0.00045,32,0.11,0.922,0.3368,0.8675,0.4065,0.8149
resnet18,11,7,25,0.00045,32,0.11,0.922,0.3215,0.8728,0.4172,0.8114
resnet18,11,8,25,0.00045,32,0.11,0.922,0.3108,0.8768,0.4116,0.8171
resnet18,11,9,25,0.00045,32,0.11,0.922,0.2986,0.8803,0.3935,0.8273
resnet18,11,10,25,0.00045,32,0.11,0.922,0.2908,0.8827,0.399,0.8207
resnet18,11,11,25,0.00045,32,0.11,0.922,0.2813,0.8855,0.3891,0.8269
resnet18,11,12,25,0.00045,32,0.11,0.922,0.2729,0.8888,0.4049,0.8232
resnet18,12,1,25,0.00075,128,0.17,0.963,0.6492,0.7752,0.5258,0.7854
resnet18,12,2,25,0.00075,128,0.17,0.963,0.4409,0.8365,0.4668,0.7964
resnet18,12,3,25,0.00075,128,0.17,0.963,0.3987,0.8496,0.4488,0.8041
resnet18,12,4,25,0.00075,128,0.17,0.963,0.3732,0.8574,0.4338,0.8092
resnet18,12,5,25,0.00075,128,0.17,0.963,0.3539,0.863,0.451,0.8116
resnet18,12,6,25,0.00075,128,0.17,0.963,0.3402,0.8675,0.4496,0.8076
resnet18,13,1,25,0.00428,128,0.13,0.958,0.6972,0.755,0.5109,0.7844
resnet18,13,2,25,0.00428,128,0.13,0.958,0.4608,0.8273,0.4944,0.7882
resnet18,13,3,25,0.00428,128,0.13,0.958,0.414,0.8427,0.4485,0.8046
resnet18,13,4,25,0.00428,128,0.13,0.958,0.3889,0.8509,0.4472,0.8059
resnet18,13,5,25,0.00428,128,0.13,0.958,0.3706,0.857,0.4379,0.8081
resnet18,13,6,25,0.00428,128,0.13,0.958,0.3551,0.8615,0.4561,0.7963
resnet18,14,1,25,0.00103,128,0.19,0.98,0.6603,0.7711,0.5134,0.7857
resnet18,14,2,25,0.00103,128,0.19,0.98,0.4485,0.8343,0.4816,0.7887
resnet18,14,3,25,0.00103,128,0.19,0.98,0.406,0.847,0.4741,0.7933
resnet18,14,4,25,0.00103,128,0.19,0.98,0.3808,0.8548,0.4341,0.8044
resnet18,14,5,25,0.00103,128,0.19,0.98,0.3634,0.8605,0.4495,0.8055
resnet18,14,6,25,0.00103,128,0.19,0.98,0.348,0.8659,0.4214,0.8101
resnet18,15,1,25,0.00112,128,0.25,0.933,0.6621,0.7699,0.5597,0.7647
resnet18,15,2,25,0.00112,128,0.25,0.933,0.4496,0.8343,0.5,0.7893
resnet18,15,3,25,0.00112,128,0.25,0.933,0.4059,0.847,0.4614,0.7986
resnet18,15,4,25,0.00112,128,0.25,0.933,0.3776,0.8561,0.4256,0.8076
resnet18,15,5,25,0.00112,128,0.25,0.933,0.3601,0.86,0.4723,0.8057
resnet18,15,6,25,0.00112,128,0.25,0.933,0.3414,0.8678,0.4271,0.8109
resnet18,16,1,25,0.00401,32,0.19,0.954,0.7887,0.727,0.5178,0.782
resnet18,16,2,25,0.00401,32,0.19,0.954,0.5053,0.8135,0.4759,0.7947
resnet18,16,3,25,0.00401,32,0.19,0.954,0.4482,0.8332,0.4477,0.8037
resnet18,16,4,25,0.00401,32,0.19,0.954,0.4224,0.8407,0.4375,0.805
resnet18,16,5,25,0.00401,32,0.19,0.954,0.406,0.8475,0.4445,0.8088
resnet18,16,6,25,0.00401,32,0.19,0.954,0.3898,0.851,0.4238,0.8097
resnet18,17,1,25,0.00037,64,0.14,0.974,0.6757,0.7676,0.4934,0.7904
resnet18,17,2,25,0.00037,64,0.14,0.974,0.4495,0.8336,0.4656,0.7927
resnet18,17,3,25,0.00037,64,0.14,0.974,0.4057,0.8469,0.4408,0.8079
resnet18,17,4,25,0.00037,64,0.14,0.974,0.3748,0.8563,0.4277,0.8083
resnet18,17,5,25,0.00037,64,0.14,0.974,0.3558,0.8626,0.4193,0.8133
resnet18,17,6,25,0.00037,64,0.14,0.974,0.3414,0.8667,0.4092,0.8194
resnet18,17,7,25,0.00037,64,0.14,0.974,0.3259,0.8712,0.4273,0.8125
resnet18,17,8,25,0.00037,64,0.14,0.974,0.317,0.8743,0.4254,0.8143
resnet18,17,9,25,0.00037,64,0.14,0.974,0.3083,0.8773,0.415,0.8161
resnet18,18,1,25,0.00959,1024,0.24,0.945,0.8731,0.7072,0.6191,0.7515
resnet18,18,2,25,0.00959,1024,0.24,0.945,0.4729,0.8244,0.5694,0.7677
resnet18,18,3,25,0.00959,1024,0.24,0.945,0.4138,0.8421,0.4479,0.8015
resnet18,18,4,25,0.00959,1024,0.24,0.945,0.3839,0.8532,0.4684,0.8036
resnet18,18,5,25,0.00959,1024,0.24,0.945,0.3659,0.8589,0.4647,0.7977
resnet18,18,6,25,0.00959,1024,0.24,0.945,0.3497,0.8641,0.4483,0.7999
resnet18,19,1,25,0.00186,256,0.19,0.962,0.6368,0.777,0.5615,0.7783
resnet18,19,2,25,0.00186,256,0.19,0.962,0.4334,0.8379,0.4842,0.7952
resnet18,19,3,25,0.00186,256,0.19,0.962,0.3966,0.8501,0.4691,0.8007
resnet18,19,4,25,0.00186,256,0.19,0.962,0.3719,0.8577,0.4342,0.8091
resnet18,19,5,25,0.00186,256,0.19,0.962,0.3567,0.862,0.4383,0.8085
resnet18,19,6,25,0.00186,256,0.19,0.962,0.3413,0.866,0.4524,0.8044
resnet18,2,1,25,0.00201,64,0.17,0.971,0.7024,0.7552,0.5095,0.7873
resnet18,2,2,25,0.00201,64,0.17,0.971,0.4739,0.8242,0.5047,0.7886
resnet18,2,3,25,0.00201,64,0.17,0.971,0.4206,0.8414,0.4346,0.8034
resnet18,2,4,25,0.00201,64,0.17,0.971,0.3893,0.8509,0.4256,0.8068
resnet18,2,5,25,0.00201,64,0.17,0.971,0.3661,0.8584,0.4343,0.8079
resnet18,2,6,25,0.00201,64,0.17,0.971,0.3506,0.8637,0.4102,0.8138
resnet18,2,7,25,0.00201,64,0.17,0.971,0.341,0.8664,0.4129,0.8161
resnet18,2,8,25,0.00201,64,0.17,0.971,0.329,0.8705,0.4049,0.8137
resnet18,2,9,25,0.00201,64,0.17,0.971,0.3196,0.873,0.4076,0.8209
resnet18,2,10,25,0.00201,64,0.17,0.971,0.3127,0.8756,0.4099,0.8192
resnet18,2,11,25,0.00201,64,0.17,0.971,0.3074,0.8771,0.4107,0.8242
resnet18,2,12,25,0.00201,64,0.17,0.971,0.3006,0.8797,0.4101,0.8191
resnet18,2,13,25,0.00201,64,0.17,0.971,0.2934,0.8811,0.4093,0.822
resnet18,2,14,25,0.00201,64,0.17,0.971,0.2898,0.8829,0.4167,0.8222
resnet18,20,1,25,0.00049,128,0.26,0.985,0.6702,0.7704,0.507,0.7825
resnet18,20,2,25,0.00049,128,0.26,0.985,0.4425,0.8367,0.4722,0.7981
resnet18,20,3,25,0.00049,128,0.26,0.985,0.3986,0.8493,0.4697,0.7993
resnet18,20,4,25,0.00049,128,0.26,0.985,0.3776,0.8566,0.4286,0.806
resnet18,20,5,25,0.00049,128,0.26,0.985,0.3582,0.8625,0.4287,0.8091
resnet18,20,6,25,0.00049,128,0.26,0.985,0.3445,0.8662,0.4277,0.8124
resnet18,21,1,25,0.00322,128,0.21,0.932,0.68,0.7625,0.5468,0.7801
resnet18,21,2,25,0.00322,128,0.21,0.932,0.4561,0.8297,0.4782,0.7938
resnet18,21,3,25,0.00322,128,0.21,0.932,0.41,0.8445,0.457,0.7989
resnet18,21,4,25,0.00322,128,0.21,0.932,0.3823,0.8538,0.4622,0.7978
resnet18,21,5,25,0.00322,128,0.21,0.932,0.3608,0.86,0.4532,0.8017
resnet18,21,6,25,0.00322,128,0.21,0.932,0.3448,0.8649,0.4184,0.8164
resnet18,21,7,25,0.00322,128,0.21,0.932,0.331,0.8696,0.4304,0.8071
resnet18,21,8,25,0.00322,128,0.21,0.932,0.32,0.8731,0.4106,0.8128
resnet18,21,9,25,0.00322,128,0.21,0.932,0.3088,0.8771,0.4095,0.8173
resnet18,21,10,25,0.00322,128,0.21,0.932,0.2982,0.88,0.4042,0.8206
resnet18,21,11,25,0.00322,128,0.21,0.932,0.2894,0.8829,0.4186,0.8135
resnet18,21,12,25,0.00322,128,0.21,0.932,0.283,0.8854,0.4392,0.8152
resnet18,22,1,25,0.00034,32,0.1,0.916,0.7121,0.7561,0.4819,0.7904
resnet18,22,2,25,0.00034,32,0.1,0.916,0.4649,0.8286,0.4432,0.8076
resnet18,22,3,25,0.00034,32,0.1,0.916,0.4081,0.8458,0.424,0.811
resnet18,22,4,25,0.00034,32,0.1,0.916,0.3731,0.8566,0.433,0.8071
resnet18,22,5,25,0.00034,32,0.1,0.916,0.3517,0.864,0.4055,0.8117
resnet18,22,6,25,0.00034,32,0.1,0.916,0.3331,0.8696,0.4031,0.8189
resnet18,22,7,25,0.00034,32,0.1,0.916,0.3192,0.8736,0.3967,0.8229
resnet18,22,8,25,0.00034,32,0.1,0.916,0.3079,0.8771,0.404,0.8182
resnet18,22,9,25,0.00034,32,0.1,0.916,0.2967,0.8807,0.4185,0.8247
resnet18,22,10,25,0.00034,32,0.1,0.916,0.2859,0.8845,0.4055,0.8237
resnet18,22,11,25,0.00034,32,0.1,0.916,0.2785,0.8863,0.3966,0.8272
resnet18,22,12,25,0.00034,32,0.1,0.916,0.2688,0.8904,0.3907,0.8331
resnet18,22,13,25,0.00034,32,0.1,0.916,0.2602,0.8927,0.4113,0.8276
resnet18,22,14,25,0.00034,32,0.1,0.916,0.2548,0.8949,0.426,0.8221
resnet18,22,15,25,0.00034,32,0.1,0.916,0.2459,0.8981,0.4296,0.8262
resnet18,23,1,25,0.00027,32,0.11,0.907,0.7417,0.75,0.4902,0.7914
resnet18,23,2,25,0.00027,32,0.11,0.907,0.4696,0.8286,0.4635,0.7995
resnet18,23,3,25,0.00027,32,0.11,0.907,0.4101,0.8456,0.4402,0.8082
resnet18,23,4,25,0.00027,32,0.11,0.907,0.3758,0.8564,0.4256,0.8068
resnet18,23,5,25,0.00027,32,0.11,0.907,0.3533,0.863,0.4223,0.8118
resnet18,23,6,25,0.00027,32,0.11,0.907,0.3344,0.8687,0.4049,0.8158
resnet18,23,7,25,0.00027,32,0.11,0.907,0.3194,0.8736,0.4003,0.8182
resnet18,23,8,25,0.00027,32,0.11,0.907,0.306,0.8775,0.3903,0.8295
resnet18,23,9,25,0.00027,32,0.11,0.907,0.2965,0.8815,0.4023,0.8246
resnet18,23,10,25,0.00027,32,0.11,0.907,0.285,0.8847,0.3948,0.8238
resnet18,23,11,25,0.00027,32,0.11,0.907,0.2765,0.8873,0.409,0.824
resnet18,24,1,25,0.00024,32,0.1,0.907,0.7083,0.7613,0.4865,0.7919
resnet18,24,2,25,0.00024,32,0.1,0.907,0.4578,0.8316,0.4721,0.7957
resnet18,24,3,25,0.00024,32,0.1,0.907,0.4007,0.8479,0.4172,0.8139
resnet18,24,4,25,0.00024,32,0.1,0.907,0.3707,0.8579,0.4453,0.8056
resnet18,24,5,25,0.00024,32,0.1,0.907,0.3458,0.8654,0.4122,0.8161
resnet18,24,6,25,0.00024,32,0.1,0.907,0.3285,0.8707,0.4134,0.8177
resnet18,24,7,25,0.00024,32,0.1,0.907,0.3147,0.8757,0.4102,0.8215
resnet18,24,8,25,0.00024,32,0.1,0.907,0.3017,0.8799,0.4049,0.8183
resnet18,24,9,25,0.00024,32,0.1,0.907,0.2916,0.8822,0.3873,0.8228
resnet18,24,10,25,0.00024,32,0.1,0.907,0.2809,0.8851,0.3943,0.8296
resnet18,24,11,25,0.00024,32,0.1,0.907,0.2729,0.8886,0.3991,0.8234
resnet18,24,12,25,0.00024,32,0.1,0.907,0.2651,0.8911,0.3944,0.8297
resnet18,24,13,25,0.00024,32,0.1,0.907,0.2561,0.8946,0.4094,0.8282
resnet18,24,14,25,0.00024,32,0.1,0.907,0.2485,0.8973,0.4041,0.8362
resnet18,24,15,25,0.00024,32,0.1,0.907,0.242,0.9,0.4148,0.8321
resnet18,24,16,25,0.00024,32,0.1,0.907,0.2354,0.9023,0.429,0.8296
resnet18,24,17,25,0.00024,32,0.1,0.907,0.2287,0.9053,0.4176,0.8324
resnet18,25,1,25,0.00025,32,0.12,0.901,0.7359,0.7504,0.4998,0.7865
resnet18,25,2,25,0.00025,32,0.12,0.901,0.4646,0.8283,0.4421,0.8027
resnet18,25,3,25,0.00025,32,0.12,0.901,0.4062,0.8457,0.4155,0.8211
resnet18,25,4,25,0.00025,32,0.12,0.901,0.3716,0.8568,0.4205,0.8146
resnet18,25,5,25,0.00025,32,0.12,0.901,0.3513,0.8634,0.4142,0.8188
resnet18,25,6,25,0.00025,32,0.12,0.901,0.3304,0.8696,0.4043,0.8168
resnet18,26,1,25,0.00062,32,0.1,0.921,0.717,0.755,0.5107,0.7857
resnet18,26,2,25,0.00062,32,0.1,0.921,0.4687,0.8262,0.4454,0.8029
resnet18,26,3,25,0.00062,32,0.1,0.921,0.4124,0.8447,0.4546,0.8109
resnet18,26,4,25,0.00062,32,0.1,0.921,0.3793,0.855,0.4211,0.8081
resnet18,26,5,25,0.00062,32,0.1,0.921,0.3566,0.8617,0.4105,0.8131
resnet18,26,6,25,0.00062,32,0.1,0.921,0.3366,0.8675,0.4147,0.8177
resnet18,26,7,25,0.00062,32,0.1,0.921,0.3229,0.8725,0.4144,0.8098
resnet18,26,8,25,0.00062,32,0.1,0.921,0.3102,0.8758,0.3946,0.8187
resnet18,26,9,25,0.00062,32,0.1,0.921,0.3005,0.8785,0.4115,0.818
resnet18,27,1,25,0.00023,32,0.14,0.918,0.742,0.7495,0.4863,0.792
resnet18,27,2,25,0.00023,32,0.14,0.918,0.4661,0.8281,0.4563,0.8013
resnet18,27,3,25,0.00023,32,0.14,0.918,0.4085,0.8464,0.4419,0.8039
resnet18,27,4,25,0.00023,32,0.14,0.918,0.376,0.8563,0.4166,0.8119
resnet18,27,5,25,0.00023,32,0.14,0.918,0.3532,0.863,0.4163,0.8132
resnet18,27,6,25,0.00023,32,0.14,0.918,0.3344,0.8683,0.4069,0.813
resnet18,28,1,25,0.00017,32,0.12,0.913,0.7723,0.7436,0.4974,0.7879
resnet18,28,2,25,0.00017,32,0.12,0.913,0.4722,0.8264,0.4475,0.8012
resnet18,28,3,25,0.00017,32,0.12,0.913,0.4121,0.8454,0.4396,0.7999
resnet18,28,4,25,0.00017,32,0.12,0.913,0.3776,0.8547,0.404,0.8171
resnet18,28,5,25,0.00017,32,0.12,0.913,0.3537,0.8628,0.4092,0.8144
resnet18,28,6,25,0.00017,32,0.12,0.913,0.3362,0.8685,0.4054,0.8196
resnet18,28,7,25,0.00017,32,0.12,0.913,0.3216,0.8731,0.4132,0.8186
resnet18,28,8,25,0.00017,32,0.12,0.913,0.3095,0.8761,0.4101,0.8174
resnet18,28,9,25,0.00017,32,0.12,0.913,0.2976,0.8807,0.4014,0.8203
resnet18,28,10,25,0.00017,32,0.12,0.913,0.2869,0.8839,0.3967,0.821
resnet18,28,11,25,0.00017,32,0.12,0.913,0.2802,0.8863,0.4027,0.8294
resnet18,28,12,25,0.00017,32,0.12,0.913,0.271,0.8895,0.4001,0.8281
resnet18,28,13,25,0.00017,32,0.12,0.913,0.2631,0.8926,0.4134,0.8254
resnet18,28,14,25,0.00017,32,0.12,0.913,0.2533,0.8952,0.4067,0.8293
resnet18,29,1,25,0.00036,32,0.15,0.929,0.7205,0.7557,0.456,0.7999
resnet18,29,2,25,0.00036,32,0.15,0.929,0.4663,0.8285,0.4607,0.7989
resnet18,29,3,25,0.00036,32,0.15,0.929,0.4117,0.8447,0.4587,0.7982
resnet18,29,4,25,0.00036,32,0.15,0.929,0.3775,0.8561,0.4339,0.8066
resnet18,29,5,25,0.00036,32,0.15,0.929,0.3534,0.8628,0.4295,0.8092
resnet18,29,6,25,0.00036,32,0.15,0.929,0.3378,0.8679,0.4034,0.8178
resnet18,29,7,25,0.00036,32,0.15,0.929,0.3235,0.8726,0.4006,0.8203
resnet18,29,8,25,0.00036,32,0.15,0.929,0.3107,0.877,0.4123,0.8152
resnet18,29,9,25,0.00036,32,0.15,0.929,0.2999,0.8793,0.382,0.8299
resnet18,29,10,25,0.00036,32,0.15,0.929,0.2914,0.8826,0.3942,0.8242
resnet18,29,11,25,0.00036,32,0.15,0.929,0.2815,0.8861,0.4207,0.8191
resnet18,29,12,25,0.00036,32,0.15,0.929,0.2748,0.8874,0.4121,0.8238
resnet18,3,1,25,0.00013,1024,0.16,0.909,1.2703,0.6346,0.5839,0.7747
resnet18,3,2,25,0.00013,1024,0.16,0.909,0.5237,0.8166,0.4949,0.7961
resnet18,3,3,25,0.00013,1024,0.16,0.909,0.433,0.8427,0.483,0.7991
resnet18,3,4,25,0.00013,1024,0.16,0.909,0.3899,0.854,0.456,0.808
resnet18,3,5,25,0.00013,1024,0.16,0.909,0.3584,0.8642,0.4471,0.81
resnet18,3,6,25,0.00013,1024,0.16,0.909,0.3378,0.8703,0.463,0.8041
resnet18,3,7,25,0.00013,1024,0.16,0.909,0.3206,0.8765,0.4574,0.8102
resnet18,3,8,25,0.00013,1024,0.16,0.909,0.3077,0.8802,0.4489,0.8166
resnet18,3,9,25,0.00013,1024,0.16,0.909,0.2925,0.8865,0.4624,0.8113
resnet18,3,10,25,0.00013,1024,0.16,0.909,0.2832,0.8897,0.4535,0.8181
resnet18,3,11,25,0.00013,1024,0.16,0.909,0.2727,0.8929,0.4992,0.809
resnet18,3,12,25,0.00013,1024,0.16,0.909,0.2614,0.8981,0.481,0.8149
resnet18,3,13,25,0.00013,1024,0.16,0.909,0.2525,0.9017,0.4909,0.8174
resnet18,30,1,25,0.00016,1024,0.17,0.903,1.1926,0.6554,0.5777,0.7753
resnet18,30,2,25,0.00016,1024,0.17,0.903,0.5127,0.8197,0.4984,0.7911
resnet18,30,3,25,0.00016,1024,0.17,0.903,0.4273,0.8434,0.4687,0.8032
resnet18,30,4,25,0.00016,1024,0.17,0.903,0.3873,0.8545,0.465,0.8029
resnet18,30,5,25,0.00016,1024,0.17,0.903,0.3589,0.8628,0.4557,0.805
resnet18,30,6,25,0.00016,1024,0.17,0.903,0.3384,0.8701,0.4586,0.8101
resnet18,31,1,25,0.00077,256,0.12,0.917,0.655,0.7741,0.5272,0.7926
resnet18,31,2,25,0.00077,256,0.12,0.917,0.4237,0.8407,0.5171,0.7862
resnet18,31,3,25,0.00077,256,0.12,0.917,0.3806,0.8548,0.484,0.7947
resnet18,31,4,25,0.00077,256,0.12,0.917,0.3566,0.8615,0.4475,0.8044
resnet18,31,5,25,0.00077,256,0.12,0.917,0.3388,0.8678,0.4447,0.8084
resnet18,31,6,25,0.00077,256,0.12,0.917,0.3263,0.8721,0.417,0.8169
resnet18,31,7,25,0.00077,256,0.12,0.917,0.3114,0.8755,0.4135,0.8182
resnet18,31,8,25,0.00077,256,0.12,0.917,0.3006,0.8794,0.389,0.8357
resnet18,31,9,25,0.00077,256,0.12,0.917,0.2922,0.8821,0.4361,0.8129
resnet18,31,10,25,0.00077,256,0.12,0.917,0.2818,0.8857,0.4312,0.8133
resnet18,31,11,25,0.00077,256,0.12,0.917,0.2726,0.8891,0.399,0.8271
resnet18,32,1,25,0.00064,256,0.12,0.916,0.6507,0.7767,0.5206,0.7802
resnet18,32,2,25,0.00064,256,0.12,0.916,0.4229,0.8426,0.4541,0.8043
resnet18,32,3,25,0.00064,256,0.12,0.916,0.3796,0.8545,0.4459,0.8136
resnet18,32,4,25,0.00064,256,0.12,0.916,0.3562,0.8625,0.4456,0.8032
resnet18,32,5,25,0.00064,256,0.12,0.916,0.3383,0.867,0.4426,0.8086
resnet18,32,6,25,0.00064,256,0.12,0.916,0.3235,0.8728,0.4367,0.8105
resnet18,33,1,25,0.00033,256,0.13,0.911,0.6894,0.7694,0.5052,0.7947
resnet18,33,2,25,0.00033,256,0.13,0.911,0.4125,0.8445,0.4587,0.7997
resnet18,33,3,25,0.00033,256,0.13,0.911,0.3728,0.8573,0.4423,0.8089
resnet18,33,4,25,0.00033,256,0.13,0.911,0.3448,0.866,0.4195,0.8123
resnet18,33,5,25,0.00033,256,0.13,0.911,0.3271,0.8715,0.4235,0.8164
resnet18,33,6,25,0.00033,256,0.13,0.911,0.3124,0.876,0.4129,0.8162
resnet18,33,7,25,0.00033,256,0.13,0.911,0.3019,0.8793,0.4285,0.8158
resnet18,33,8,25,0.00033,256,0.13,0.911,0.2877,0.884,0.4207,0.8194
resnet18,33,9,25,0.00033,256,0.13,0.911,0.2809,0.8866,0.4237,0.8211
resnet18,33,10,25,0.00033,256,0.13,0.911,0.2685,0.8904,0.4125,0.8238
resnet18,33,11,25,0.00033,256,0.13,0.911,0.2616,0.8932,0.4179,0.8288
resnet18,33,12,25,0.00033,256,0.13,0.911,0.254,0.8953,0.4261,0.8232
resnet18,33,13,25,0.00033,256,0.13,0.911,0.2461,0.8986,0.4522,0.8218
resnet18,33,14,25,0.00033,256,0.13,0.911,0.2364,0.9021,0.4439,0.8232
resnet18,34,1,25,0.00017,64,0.1,0.925,0.7334,0.7564,0.4984,0.7937
resnet18,34,2,25,0.00017,64,0.1,0.925,0.4528,0.8326,0.4394,0.8064
resnet18,34,3,25,0.00017,64,0.1,0.925,0.3994,0.8489,0.4461,0.8043
resnet18,34,4,25,0.00017,64,0.1,0.925,0.3706,0.8584,0.4215,0.8119
resnet18,34,5,25,0.00017,64,0.1,0.925,0.3471,0.8643,0.4196,0.8144
resnet18,34,6,25,0.00017,64,0.1,0.925,0.3292,0.8705,0.413,0.8154
resnet18,34,7,25,0.00017,64,0.1,0.925,0.317,0.8741,0.4261,0.8127
resnet18,34,8,25,0.00017,64,0.1,0.925,0.3037,0.8784,0.4071,0.8163
resnet18,34,9,25,0.00017,64,0.1,0.925,0.2933,0.8814,0.4198,0.8146
resnet18,35,1,25,0.0008,256,0.14,0.939,0.6367,0.7805,0.4867,0.7934
resnet18,35,2,25,0.0008,256,0.14,0.939,0.4193,0.8425,0.5004,0.7982
resnet18,35,3,25,0.0008,256,0.14,0.939,0.3797,0.8545,0.4509,0.8051
resnet18,35,4,25,0.0008,256,0.14,0.939,0.3543,0.8622,0.4384,0.804
resnet18,35,5,25,0.0008,256,0.14,0.939,0.3416,0.8666,0.4231,0.8084
resnet18,35,6,25,0.0008,256,0.14,0.939,0.3264,0.8723,0.4213,0.8159
resnet18,35,7,25,0.0008,256,0.14,0.939,0.3158,0.8744,0.4201,0.8145
resnet18,35,8,25,0.0008,256,0.14,0.939,0.3038,0.8787,0.4119,0.8182
resnet18,35,9,25,0.0008,256,0.14,0.939,0.2976,0.8809,0.4101,0.8221
resnet18,35,10,25,0.0008,256,0.14,0.939,0.2843,0.8852,0.4283,0.8216
resnet18,35,11,25,0.0008,256,0.14,0.939,0.2802,0.8867,0.4052,0.8269
resnet18,35,12,25,0.0008,256,0.14,0.939,0.271,0.8891,0.438,0.8146
resnet18,35,13,25,0.0008,256,0.14,0.939,0.263,0.8929,0.4255,0.8219
resnet18,35,14,25,0.0008,256,0.14,0.939,0.2569,0.8949,0.4071,0.8312
resnet18,35,15,25,0.0008,256,0.14,0.939,0.2494,0.8977,0.4615,0.8216
resnet18,35,16,25,0.0008,256,0.14,0.939,0.2441,0.8994,0.4254,0.8318
resnet18,35,17,25,0.0008,256,0.14,0.939,0.234,0.9036,0.4468,0.8332
resnet18,35,18,25,0.0008,256,0.14,0.939,0.2259,0.9061,0.4415,0.8338
resnet18,35,19,25,0.0008,256,0.14,0.939,0.2186,0.909,0.4953,0.8244
resnet18,35,20,25,0.0008,256,0.14,0.939,0.2102,0.9131,0.5023,0.8264
resnet18,35,21,25,0.0008,256,0.14,0.939,0.2022,0.9165,0.5306,0.8266
resnet18,36,1,25,0.00084,256,0.13,0.937,0.6528,0.7757,0.4862,0.7905
resnet18,36,2,25,0.00084,256,0.13,0.937,0.4283,0.8397,0.4682,0.7986
resnet18,36,3,25,0.00084,256,0.13,0.937,0.3822,0.8542,0.4454,0.7995
resnet18,36,4,25,0.00084,256,0.13,0.937,0.3617,0.8609,0.4654,0.7996
resnet18,36,5,25,0.00084,256,0.13,0.937,0.3441,0.8654,0.4287,0.8118
resnet18,36,6,25,0.00084,256,0.13,0.937,0.3263,0.8713,0.4246,0.8128
resnet18,37,1,25,0.00128,256,0.16,0.905,0.6414,0.7769,0.517,0.7865
resnet18,37,2,25,0.00128,256,0.16,0.905,0.4253,0.8406,0.4994,0.7922
resnet18,37,3,25,0.00128,256,0.16,0.905,0.3875,0.8519,0.4485,0.8102
resnet18,37,4,25,0.00128,256,0.16,0.905,0.3605,0.8606,0.4458,0.8059
resnet18,37,5,25,0.00128,256,0.16,0.905,0.3419,0.8667,0.404,0.8232
resnet18,37,6,25,0.00128,256,0.16,0.905,0.3265,0.872,0.4362,0.8102
resnet18,37,7,25,0.00128,256,0.16,0.905,0.3155,0.875,0.4104,0.8159
resnet18,37,8,25,0.00128,256,0.16,0.905,0.3041,0.8786,0.4379,0.8072
resnet18,38,1,25,0.00055,256,0.12,0.91,0.6489,0.7788,0.4975,0.7853
resnet18,38,2,25,0.00055,256,0.12,0.91,0.4109,0.8465,0.4551,0.7997
resnet18,38,3,25,0.00055,256,0.12,0.91,0.3723,0.8579,0.4497,0.8088
resnet18,38,4,25,0.00055,256,0.12,0.91,0.3492,0.8644,0.424,0.8103
resnet18,38,5,25,0.00055,256,0.12,0.91,0.3311,0.8706,0.4534,0.8039
resnet18,38,6,25,0.00055,256,0.12,0.91,0.3159,0.8748,0.4096,0.8211
resnet18,38,7,25,0.00055,256,0.12,0.91,0.306,0.8784,0.4313,0.8089
resnet18,38,8,25,0.00055,256,0.12,0.91,0.2935,0.882,0.4365,0.8164
resnet18,38,9,25,0.00055,256,0.12,0.91,0.2857,0.8849,0.4173,0.8195
resnet18,39,1,25,0.00084,256,0.1,0.927,0.6278,0.7822,0.5495,0.7792
resnet18,39,2,25,0.00084,256,0.1,0.927,0.4173,0.8436,0.51,0.7872
resnet18,39,3,25,0.00084,256,0.1,0.927,0.3799,0.8545,0.467,0.8008
resnet18,39,4,25,0.00084,256,0.1,0.927,0.3541,0.8631,0.4527,0.8058
resnet18,39,5,25,0.00084,256,0.1,0.927,0.3384,0.8676,0.4333,0.8124
resnet18,39,6,25,0.00084,256,0.1,0.927,0.3233,0.8724,0.4648,0.8048
resnet18,4,1,25,0.00385,128,0.19,0.973,0.6931,0.7562,0.6443,0.7452
resnet18,4,2,25,0.00385,128,0.19,0.973,0.4643,0.8277,0.4983,0.7928
resnet18,4,3,25,0.00385,128,0.19,0.973,0.4175,0.8413,0.4675,0.8015
resnet18,4,4,25,0.00385,128,0.19,0.973,0.3943,0.8495,0.4204,0.8029
resnet18,4,5,25,0.00385,128,0.19,0.973,0.3731,0.8567,0.4506,0.8017
resnet18,4,6,25,0.00385,128,0.19,0.973,0.3593,0.8608,0.4246,0.8139
resnet18,4,7,25,0.00385,128,0.19,0.973,0.3482,0.8639,0.4298,0.8081
resnet18,4,8,25,0.00385,128,0.19,0.973,0.3359,0.8679,0.4122,0.8161
resnet18,4,9,25,0.00385,128,0.19,0.973,0.3274,0.8708,0.4242,0.8219
resnet18,4,10,25,0.00385,128,0.19,0.973,0.3184,0.8739,0.444,0.8131
resnet18,4,11,25,0.00385,128,0.19,0.973,0.3129,0.8746,0.4225,0.8145
resnet18,4,12,25,0.00385,128,0.19,0.973,0.3045,0.8779,0.4009,0.8267
resnet18,4,13,25,0.00385,128,0.19,0.973,0.3001,0.8789,0.3927,0.8281
resnet18,4,14,25,0.00385,128,0.19,0.973,0.2943,0.8809,0.4218,0.8159
resnet18,4,15,25,0.00385,128,0.19,0.973,0.289,0.8823,0.425,0.8201
resnet18,4,16,25,0.00385,128,0.19,0.973,0.2854,0.8836,0.3903,0.8305
resnet18,4,17,25,0.00385,128,0.19,0.973,0.2804,0.8858,0.4217,0.8228
resnet18,4,18,25,0.00385,128,0.19,0.973,0.2751,0.8879,0.4338,0.8135
resnet18,4,19,25,0.00385,128,0.19,0.973,0.2702,0.8893,0.4163,0.8257
resnet18,40,1,25,0.00011,64,0.11,0.943,0.8558,0.7263,0.4942,0.7888
resnet18,40,2,25,0.00011,64,0.11,0.943,0.4764,0.8259,0.4644,0.8021
resnet18,40,3,25,0.00011,64,0.11,0.943,0.4179,0.8427,0.437,0.8091
resnet18,40,4,25,0.00011,64,0.11,0.943,0.3846,0.8536,0.4246,0.8142
resnet18,40,5,25,0.00011,64,0.11,0.943,0.3581,0.8614,0.4268,0.8137
resnet18,40,6,25,0.00011,64,0.11,0.943,0.3418,0.8662,0.4262,0.8088
resnet18,41,1,25,0.00029,1024,0.16,0.916,0.9323,0.7139,0.5146,0.7852
resnet18,41,2,25,0.00029,1024,0.16,0.916,0.4383,0.8389,0.4637,0.8018
resnet18,41,3,25,0.00029,1024,0.16,0.916,0.3809,0.8552,0.4799,0.7986
resnet18,41,4,25,0.00029,1024,0.16,0.916,0.3498,0.8646,0.4283,0.8134
resnet18,41,5,25,0.00029,1024,0.16,0.916,0.3287,0.8716,0.4299,0.8128
resnet18,41,6,25,0.00029,1024,0.16,0.916,0.3104,0.877,0.4383,0.8126
resnet18,42,1,25,0.00156,512,0.13,0.939,0.6386,0.7782,0.5239,0.7762
resnet18,42,2,25,0.00156,512,0.13,0.939,0.4162,0.8431,0.5162,0.7871
resnet18,42,3,25,0.00156,512,0.13,0.939,0.3761,0.8558,0.4779,0.7938
resnet18,42,4,25,0.00156,512,0.13,0.939,0.3516,0.8632,0.4293,0.8147
resnet18,42,5,25,0.00156,512,0.13,0.939,0.3389,0.8676,0.4352,0.8076
resnet18,42,6,25,0.00156,512,0.13,0.939,0.3226,0.8729,0.3994,0.8294
resnet18,42,7,25,0.00156,512,0.13,0.939,0.3135,0.8753,0.4219,0.8129
resnet18,42,8,25,0.00156,512,0.13,0.939,0.3064,0.8776,0.4004,0.8251
resnet18,42,9,25,0.00156,512,0.13,0.939,0.2963,0.8806,0.4029,0.8234
resnet18,43,1,25,0.00043,256,0.14,0.95,0.6701,0.7729,0.4998,0.7891
resnet18,43,2,25,0.00043,256,0.14,0.95,0.4161,0.8441,0.452,0.7966
resnet18,43,3,25,0.00043,256,0.14,0.95,0.3753,0.8558,0.4526,0.801
resnet18,43,4,25,0.00043,256,0.14,0.95,0.3529,0.8633,0.4369,0.8086
resnet18,43,5,25,0.00043,256,0.14,0.95,0.334,0.8693,0.4112,0.8217
resnet18,43,6,25,0.00043,256,0.14,0.95,0.3253,0.8717,0.4167,0.8113
resnet18,43,7,25,0.00043,256,0.14,0.95,0.3133,0.8755,0.4291,0.813
resnet18,43,8,25,0.00043,256,0.14,0.95,0.3012,0.8798,0.4287,0.8127
resnet18,44,1,25,0.00721,32,0.11,0.97,0.822,0.7165,0.5526,0.7754
resnet18,44,2,25,0.00721,32,0.11,0.97,0.5348,0.8046,0.4935,0.7908
resnet18,44,3,25,0.00721,32,0.11,0.97,0.4849,0.8225,0.5168,0.7864
resnet18,44,4,25,0.00721,32,0.11,0.97,0.4654,0.8272,0.4846,0.7955
resnet18,44,5,25,0.00721,32,0.11,0.97,0.4505,0.8317,0.4839,0.7975
resnet18,44,6,25,0.00721,32,0.11,0.97,0.4375,0.8366,0.5309,0.779
resnet18,45,1,25,0.00021,256,0.18,0.994,0.817,0.7394,0.5139,0.7896
resnet18,45,2,25,0.00021,256,0.18,0.994,0.4457,0.8353,0.4683,0.7962
resnet18,45,3,25,0.00021,256,0.18,0.994,0.3929,0.8507,0.4487,0.8032
resnet18,45,4,25,0.00021,256,0.18,0.994,0.37,0.8577,0.4427,0.8081
resnet18,45,5,25,0.00021,256,0.18,0.994,0.3503,0.8635,0.4366,0.8072
resnet18,45,6,25,0.00021,256,0.18,0.994,0.3383,0.8676,0.4248,0.8112
resnet18,46,1,25,0.00013,512,0.3,0.921,1.1389,0.665,0.5582,0.7733
resnet18,46,2,25,0.00013,512,0.3,0.921,0.506,0.8207,0.5061,0.7881
resnet18,46,3,25,0.00013,512,0.3,0.921,0.4272,0.8422,0.4662,0.8036
resnet18,46,4,25,0.00013,512,0.3,0.921,0.3896,0.854,0.4445,0.8081
resnet18,46,5,25,0.00013,512,0.3,0.921,0.3619,0.8624,0.4439,0.808
resnet18,46,6,25,0.00013,512,0.3,0.921,0.3427,0.8681,0.4411,0.813
resnet18,47,1,25,0.0024,128,0.13,0.907,0.6632,0.7668,0.5219,0.7827
resnet18,47,2,25,0.0024,128,0.13,0.907,0.4507,0.832,0.4559,0.8041
resnet18,47,3,25,0.0024,128,0.13,0.907,0.4032,0.8466,0.4518,0.8063
resnet18,47,4,25,0.0024,128,0.13,0.907,0.376,0.8557,0.4294,0.8062
resnet18,47,5,25,0.0024,128,0.13,0.907,0.3553,0.863,0.4198,0.8067
resnet18,47,6,25,0.0024,128,0.13,0.907,0.337,0.8685,0.3984,0.8244
resnet18,47,7,25,0.0024,128,0.13,0.907,0.3226,0.8729,0.4063,0.8157
resnet18,47,8,25,0.0024,128,0.13,0.907,0.3107,0.877,0.4086,0.8186
resnet18,47,9,25,0.0024,128,0.13,0.907,0.2976,0.8804,0.3889,0.8241
resnet18,48,1,25,0.00686,32,0.11,0.931,0.8152,0.7187,0.5828,0.7672
resnet18,48,2,25,0.00686,32,0.11,0.931,0.5238,0.8068,0.484,0.7904
resnet18,48,3,25,0.00686,32,0.11,0.931,0.4748,0.8241,0.4935,0.7883
resnet18,48,4,25,0.00686,32,0.11,0.931,0.4472,0.8324,0.4635,0.8036
resnet18,48,5,25,0.00686,32,0.11,0.931,0.4273,0.8397,0.4619,0.8026
resnet18,48,6,25,0.00686,32,0.11,0.931,0.4161,0.8431,0.4578,0.7996
resnet18,49,1,25,0.00073,128,0.15,0.913,0.6493,0.7737,0.4647,0.8026
resnet18,49,2,25,0.00073,128,0.15,0.913,0.4338,0.838,0.4694,0.7967
resnet18,49,3,25,0.00073,128,0.15,0.913,0.3924,0.8508,0.4303,0.8116
resnet18,49,4,25,0.00073,128,0.15,0.913,0.3664,0.8592,0.4692,0.8011
resnet18,49,5,25,0.00073,128,0.15,0.913,0.3463,0.8655,0.4171,0.8159
resnet18,49,6,25,0.00073,128,0.15,0.913,0.3302,0.8705,0.4143,0.8123
resnet18,49,7,25,0.00073,128,0.15,0.913,0.317,0.8749,0.4073,0.8201
resnet18,49,8,25,0.00073,128,0.15,0.913,0.3038,0.8791,0.4045,0.8179
resnet18,49,9,25,0.00073,128,0.15,0.913,0.2941,0.8818,0.4212,0.8164
resnet18,5,1,25,0.00011,512,0.22,0.938,1.147,0.6648,0.5611,0.7806
resnet18,5,2,25,0.00011,512,0.22,0.938,0.5087,0.821,0.4912,0.7978
resnet18,5,3,25,0.00011,512,0.22,0.938,0.4308,0.8423,0.4802,0.7984
resnet18,5,4,25,0.00011,512,0.22,0.938,0.3881,0.8543,0.4555,0.8033
resnet18,5,5,25,0.00011,512,0.22,0.938,0.3621,0.8618,0.4477,0.8098
resnet18,5,6,25,0.00011,512,0.22,0.938,0.3411,0.8685,0.4357,0.8167
resnet18,5,7,25,0.00011,512,0.22,0.938,0.3248,0.8737,0.4567,0.8096
resnet18,5,8,25,0.00011,512,0.22,0.938,0.3114,0.8778,0.4613,0.8131
resnet18,5,9,25,0.00011,512,0.22,0.938,0.2998,0.8819,0.4427,0.8176
resnet18,5,10,25,0.00011,512,0.22,0.938,0.289,0.8859,0.4466,0.8178
resnet18,5,11,25,0.00011,512,0.22,0.938,0.2777,0.8896,0.4675,0.8137
resnet18,5,12,25,0.00011,512,0.22,0.938,0.2685,0.8926,0.4616,0.8218
resnet18,5,13,25,0.00011,512,0.22,0.938,0.2586,0.8975,0.472,0.8197
resnet18,5,14,25,0.00011,512,0.22,0.938,0.2491,0.9005,0.4834,0.8217
resnet18,5,15,25,0.00011,512,0.22,0.938,0.2429,0.9027,0.5058,0.8168
resnet18,50,1,25,0.00042,32,0.23,0.976,0.7272,0.7534,0.5065,0.7906
resnet18,50,2,25,0.00042,32,0.23,0.976,0.4776,0.8252,0.4809,0.7914
resnet18,50,3,25,0.00042,32,0.23,0.976,0.4234,0.8414,0.4826,0.7989
resnet18,50,4,25,0.00042,32,0.23,0.976,0.3927,0.8506,0.408,0.8193
resnet18,50,5,25,0.00042,32,0.23,0.976,0.3683,0.8587,0.4229,0.8105
resnet18,50,6,25,0.00042,32,0.23,0.976,0.3525,0.8635,0.4026,0.8141
resnet18,50,7,25,0.00042,32,0.23,0.976,0.3407,0.8674,0.4057,0.814
resnet18,6,1,25,0.00509,512,0.3,0.945,0.6982,0.756,0.5832,0.7599
resnet18,6,2,25,0.00509,512,0.3,0.945,0.4462,0.8328,0.5109,0.7853
resnet18,6,3,25,0.00509,512,0.3,0.945,0.401,0.8485,0.488,0.7979
resnet18,6,4,25,0.00509,512,0.3,0.945,0.3753,0.8561,0.437,0.8062
resnet18,6,5,25,0.00509,512,0.3,0.945,0.3572,0.862,0.4508,0.8109
resnet18,6,6,25,0.00509,512,0.3,0.945,0.3412,0.8671,0.4318,0.8094
resnet18,6,7,25,0.00509,512,0.3,0.945,0.3291,0.8702,0.436,0.8099
resnet18,6,8,25,0.00509,512,0.3,0.945,0.3224,0.8723,0.4162,0.8181
resnet18,6,9,25,0.00509,512,0.3,0.945,0.3123,0.8761,0.4316,0.8121
resnet18,6,10,25,0.00509,512,0.3,0.945,0.3054,0.878,0.4433,0.8104
resnet18,6,11,25,0.00509,512,0.3,0.945,0.2974,0.8804,0.4046,0.823
resnet18,6,12,25,0.00509,512,0.3,0.945,0.29,0.8831,0.4325,0.8142
resnet18,6,13,25,0.00509,512,0.3,0.945,0.2841,0.8851,0.4381,0.8219
resnet18,6,14,25,0.00509,512,0.3,0.945,0.2792,0.8865,0.4322,0.8214
resnet18,7,1,25,0.00146,128,0.2,0.954,0.6544,0.7708,0.5994,0.7769
resnet18,7,2,25,0.00146,128,0.2,0.954,0.4481,0.8339,0.4982,0.7929
resnet18,7,3,25,0.00146,128,0.2,0.954,0.4045,0.8468,0.4546,0.8031
resnet18,7,4,25,0.00146,128,0.2,0.954,0.3788,0.8548,0.4311,0.8081
resnet18,7,5,25,0.00146,128,0.2,0.954,0.3613,0.8607,0.4158,0.8142
resnet18,7,6,25,0.00146,128,0.2,0.954,0.3465,0.865,0.4219,0.8152
resnet18,7,7,25,0.00146,128,0.2,0.954,0.3305,0.8707,0.3971,0.8215
resnet18,7,8,25,0.00146,128,0.2,0.954,0.3212,0.8725,0.4129,0.8199
resnet18,7,9,25,0.00146,128,0.2,0.954,0.3096,0.8777,0.4003,0.8226
resnet18,7,10,25,0.00146,128,0.2,0.954,0.2996,0.8801,0.4133,0.8154
resnet18,7,11,25,0.00146,128,0.2,0.954,0.2928,0.882,0.4238,0.8181
resnet18,7,12,25,0.00146,128,0.2,0.954,0.2844,0.8851,0.413,0.8241
resnet18,7,13,25,0.00146,128,0.2,0.954,0.2768,0.8873,0.4311,0.8184
resnet18,7,14,25,0.00146,128,0.2,0.954,0.2702,0.8895,0.4168,0.8243
resnet18,7,15,25,0.00146,128,0.2,0.954,0.2641,0.8919,0.4319,0.8218
resnet18,7,16,25,0.00146,128,0.2,0.954,0.2565,0.8944,0.4179,0.8288
resnet18,7,17,25,0.00146,128,0.2,0.954,0.2485,0.8978,0.4431,0.8281
resnet18,7,18,25,0.00146,128,0.2,0.954,0.2424,0.9008,0.4442,0.8238
resnet18,7,19,25,0.00146,128,0.2,0.954,0.2352,0.9028,0.4432,0.8268
resnet18,8,1,25,0.00237,512,0.28,0.988,0.6643,0.7686,0.5642,0.7678
resnet18,8,2,25,0.00237,512,0.28,0.988,0.4324,0.8381,0.4945,0.7944
resnet18,8,3,25,0.00237,512,0.28,0.988,0.3949,0.85,0.4784,0.7899
resnet18,8,4,25,0.00237,512,0.28,0.988,0.3669,0.8583,0.4403,0.8115
resnet18,8,5,25,0.00237,512,0.28,0.988,0.353,0.8638,0.4645,0.8063
resnet18,8,6,25,0.00237,512,0.28,0.988,0.3428,0.8662,0.4481,0.8122
resnet18,8,7,25,0.00237,512,0.28,0.988,0.3322,0.8702,0.4125,0.8141
resnet18,8,8,25,0.00237,512,0.28,0.988,0.3242,0.8722,0.4469,0.8093
resnet18,8,9,25,0.00237,512,0.28,0.988,0.3157,0.876,0.4338,0.8103
resnet18,8,10,25,0.00237,512,0.28,0.988,0.3115,0.8769,0.4421,0.8101
resnet18,9,1,25,0.0088,256,0.23,0.971,0.7096,0.7503,0.6176,0.7684
resnet18,9,2,25,0.0088,256,0.23,0.971,0.4598,0.8267,0.6106,0.7594
resnet18,9,3,25,0.0088,256,0.23,0.971,0.4198,0.8409,0.4586,0.8009
resnet18,9,4,25,0.0088,256,0.23,0.971,0.395,0.8484,0.4368,0.8055
resnet18,9,5,25,0.0088,256,0.23,0.971,0.3816,0.854,0.4329,0.8067
resnet18,9,6,25,0.0088,256,0.23,0.971,0.3659,0.8583,0.445,0.8093
resnet18,9,7,25,0.0088,256,0.23,0.971,0.3544,0.8626,0.4818,0.7969
resnet18,9,8,25,0.0088,256,0.23,0.971,0.3495,0.8631,0.4104,0.8189
resnet18,9,9,25,0.0088,256,0.23,0.971,0.3402,0.8669,0.4405,0.8064
resnet18,9,10,25,0.0088,256,0.23,0.971,0.3318,0.8693,0.4379,0.8096
resnet18,9,11,25,0.0088,256,0.23,0.971,0.3267,0.8708,0.4277,0.8132
modular_classifier,1,1,25,0.00353,128,0.11,0.959,0.686,0.7599,0.5671,0.769
modular_classifier,1,2,25,0.00353,128,0.11,0.959,0.4602,0.8273,0.4766,0.7945
modular_classifier,1,3,25,0.00353,128,0.11,0.959,0.4134,0.8436,0.4393,0.8049
modular_classifier,1,4,25,0.00353,128,0.11,0.959,0.3852,0.8525,0.4522,0.7973
modular_classifier,1,5,25,0.00353,128,0.11,0.959,0.3665,0.8578,0.4247,0.8032
modular_classifier,1,6,25,0.00353,128,0.11,0.959,0.3521,0.8621,0.4631,0.7994
modular_classifier,10,1,25,0.0005,64,0.23,0.964,0.6833,0.7678,0.4809,0.7974
modular_classifier,10,2,25,0.0005,64,0.23,0.964,0.457,0.8322,0.4499,0.8069
modular_classifier,10,3,25,0.0005,64,0.23,0.964,0.4103,0.8465,0.4343,0.8055
modular_classifier,10,4,25,0.0005,64,0.23,0.964,0.3816,0.8549,0.4341,0.8021
modular_classifier,10,5,25,0.0005,64,0.23,0.964,0.3591,0.8616,0.4452,0.8046
modular_classifier,11,1,25,0.00136,1024,0.3,0.902,0.7077,0.7616,0.515,0.7885
modular_classifier,11,2,25,0.00136,1024,0.3,0.902,0.4177,0.8435,0.4813,0.7923
modular_classifier,11,3,25,0.00136,1024,0.3,0.902,0.3737,0.8565,0.4365,0.8098
modular_classifier,11,4,25,0.00136,1024,0.3,0.902,0.3492,0.8646,0.4465,0.8043
modular_classifier,11,5,25,0.00136,1024,0.3,0.902,0.3302,0.8702,0.4489,0.8032
modular_classifier,11,6,25,0.00136,1024,0.3,0.902,0.3153,0.8754,0.4517,0.8068
modular_classifier,12,1,25,0.00032,64,0.17,0.98,0.694,0.7652,0.5155,0.7831
modular_classifier,12,2,25,0.00032,64,0.17,0.98,0.4573,0.8306,0.4586,0.7956
modular_classifier,12,3,25,0.00032,64,0.17,0.98,0.408,0.8463,0.4563,0.7972
modular_classifier,12,4,25,0.00032,64,0.17,0.98,0.3777,0.8553,0.4232,0.8062
modular_classifier,12,5,25,0.00032,64,0.17,0.98,0.3592,0.8611,0.4301,0.8078
modular_classifier,12,6,25,0.00032,64,0.17,0.98,0.3436,0.866,0.4145,0.8072
modular_classifier,12,7,25,0.00032,64,0.17,0.98,0.3311,0.8703,0.4287,0.8075
modular_classifier,12,8,25,0.00032,64,0.17,0.98,0.3212,0.8734,0.4233,0.8118
modular_classifier,12,9,25,0.00032,64,0.17,0.98,0.3118,0.8772,0.4017,0.8171
modular_classifier,12,10,25,0.00032,64,0.17,0.98,0.3023,0.8789,0.3936,0.829
modular_classifier,12,11,25,0.00032,64,0.17,0.98,0.2965,0.8815,0.4167,0.8148
modular_classifier,12,12,25,0.00032,64,0.17,0.98,0.2893,0.8831,0.4074,0.8224
modular_classifier,12,13,25,0.00032,64,0.17,0.98,0.284,0.8848,0.419,0.8209
modular_classifier,13,1,25,0.00022,128,0.18,0.979,0.7349,0.7581,0.4923,0.7856
modular_classifier,13,2,25,0.00022,128,0.18,0.979,0.4441,0.8359,0.4665,0.807
modular_classifier,13,3,25,0.00022,128,0.18,0.979,0.3965,0.8497,0.4321,0.8077
modular_classifier,13,4,25,0.00022,128,0.18,0.979,0.3704,0.8582,0.445,0.8026
modular_classifier,13,5,25,0.00022,128,0.18,0.979,0.3519,0.8628,0.433,0.8109
modular_classifier,13,6,25,0.00022,128,0.18,0.979,0.3358,0.869,0.4288,0.8093
modular_classifier,13,7,25,0.00022,128,0.18,0.979,0.3226,0.8728,0.4187,0.8134
modular_classifier,13,8,25,0.00022,128,0.18,0.979,0.3147,0.8743,0.4072,0.8202
modular_classifier,13,9,25,0.00022,128,0.18,0.979,0.3021,0.8782,0.4202,0.8173
modular_classifier,13,10,25,0.00022,128,0.18,0.979,0.2973,0.8805,0.4295,0.8153
modular_classifier,13,11,25,0.00022,128,0.18,0.979,0.2864,0.8832,0.4184,0.8179
modular_classifier,14,1,25,0.00084,64,0.17,0.936,0.6775,0.766,0.503,0.7888
modular_classifier,14,2,25,0.00084,64,0.17,0.936,0.4597,0.8294,0.4592,0.7948
modular_classifier,14,3,25,0.00084,64,0.17,0.936,0.4113,0.8451,0.4262,0.8079
modular_classifier,14,4,25,0.00084,64,0.17,0.936,0.3807,0.8552,0.4293,0.8126
modular_classifier,14,5,25,0.00084,64,0.17,0.936,0.3569,0.8618,0.4242,0.815
modular_classifier,14,6,25,0.00084,64,0.17,0.936,0.3398,0.8674,0.4226,0.8142
modular_classifier,14,7,25,0.00084,64,0.17,0.936,0.3239,0.8722,0.4075,0.8137
modular_classifier,14,8,25,0.00084,64,0.17,0.936,0.3133,0.8755,0.4123,0.8138
modular_classifier,15,1,25,0.00022,256,0.27,0.98,0.8157,0.7406,0.5042,0.7903
modular_classifier,15,2,25,0.00022,256,0.27,0.98,0.4465,0.8355,0.4755,0.7909
modular_classifier,15,3,25,0.00022,256,0.27,0.98,0.395,0.8509,0.4603,0.7993
modular_classifier,15,4,25,0.00022,256,0.27,0.98,0.3669,0.8596,0.4313,0.8086
modular_classifier,15,5,25,0.00022,256,0.27,0.98,0.3455,0.8657,0.426,0.8099
modular_classifier,15,6,25,0.00022,256,0.27,0.98,0.3351,0.8701,0.4323,0.8041
modular_classifier,15,7,25,0.00022,256,0.27,0.98,0.3239,0.8725,0.4306,0.8115
modular_classifier,15,8,25,0.00022,256,0.27,0.98,0.3128,0.8758,0.4219,0.8155
modular_classifier,15,9,25,0.00022,256,0.27,0.98,0.3044,0.8783,0.4261,0.815
modular_classifier,16,1,25,0.00037,1024,0.21,0.978,0.872,0.7285,0.5014,0.7879
modular_classifier,16,2,25,0.00037,1024,0.21,0.978,0.4299,0.8413,0.4477,0.8045
modular_classifier,16,3,25,0.00037,1024,0.21,0.978,0.3785,0.8569,0.4462,0.8068
modular_classifier,16,4,25,0.00037,1024,0.21,0.978,0.3482,0.8653,0.4237,0.8126
modular_classifier,16,5,25,0.00037,1024,0.21,0.978,0.3295,0.8711,0.4788,0.7922
modular_classifier,16,6,25,0.00037,1024,0.21,0.978,0.3172,0.8749,0.4282,0.8186
modular_classifier,16,7,25,0.00037,1024,0.21,0.978,0.304,0.8795,0.4271,0.8161
modular_classifier,16,8,25,0.00037,1024,0.21,0.978,0.2933,0.8832,0.454,0.8069
modular_classifier,16,9,25,0.00037,1024,0.21,0.978,0.2881,0.8843,0.4291,0.8157
modular_classifier,17,1,25,0.00237,64,0.17,0.942,0.7115,0.7525,0.5087,0.7793
modular_classifier,17,2,25,0.00237,64,0.17,0.942,0.4728,0.8245,0.5166,0.7826
modular_classifier,17,3,25,0.00237,64,0.17,0.942,0.4188,0.842,0.4433,0.8079
modular_classifier,17,4,25,0.00237,64,0.17,0.942,0.3858,0.8518,0.4653,0.7989
modular_classifier,17,5,25,0.00237,64,0.17,0.942,0.3648,0.8581,0.418,0.8151
modular_classifier,17,6,25,0.00237,64,0.17,0.942,0.348,0.8635,0.4404,0.8088
modular_classifier,17,7,25,0.00237,64,0.17,0.942,0.3342,0.8689,0.4452,0.8029
modular_classifier,17,8,25,0.00237,64,0.17,0.942,0.3232,0.8723,0.4255,0.8111
modular_classifier,18,1,25,0.00098,128,0.21,0.984,0.659,0.7734,0.5252,0.7866
modular_classifier,18,2,25,0.00098,128,0.21,0.984,0.4483,0.8337,0.493,0.7937
modular_classifier,18,3,25,0.00098,128,0.21,0.984,0.4054,0.8476,0.4725,0.8012
modular_classifier,18,4,25,0.00098,128,0.21,0.984,0.3821,0.8545,0.4457,0.8001
modular_classifier,18,5,25,0.00098,128,0.21,0.984,0.365,0.8599,0.4259,0.8072
modular_classifier,18,6,25,0.00098,128,0.21,0.984,0.346,0.8657,0.419,0.8096
modular_classifier,18,7,25,0.00098,128,0.21,0.984,0.3364,0.8682,0.4091,0.8174
modular_classifier,18,8,25,0.00098,128,0.21,0.984,0.3246,0.8717,0.4215,0.8161
modular_classifier,18,9,25,0.00098,128,0.21,0.984,0.316,0.8748,0.416,0.8092
modular_classifier,18,10,25,0.00098,128,0.21,0.984,0.3089,0.8774,0.4312,0.8099
modular_classifier,19,1,25,0.00016,128,0.26,0.97,0.8247,0.7367,0.4936,0.7867
modular_classifier,19,2,25,0.00016,128,0.26,0.97,0.461,0.8313,0.4634,0.7958
modular_classifier,19,3,25,0.00016,128,0.26,0.97,0.4052,0.8474,0.4492,0.7991
modular_classifier,19,4,25,0.00016,128,0.26,0.97,0.3779,0.8572,0.4421,0.8097
modular_classifier,19,5,25,0.00016,128,0.26,0.97,0.3557,0.8627,0.4525,0.802
modular_classifier,19,6,25,0.00016,128,0.26,0.97,0.3393,0.8682,0.4254,0.8076
modular_classifier,19,7,25,0.00016,128,0.26,0.97,0.327,0.871,0.4291,0.8123
modular_classifier,19,8,25,0.00016,128,0.26,0.97,0.3162,0.8749,0.4269,0.8089
modular_classifier,19,9,25,0.00016,128,0.26,0.97,0.3057,0.8783,0.4202,0.8206
modular_classifier,19,10,25,0.00016,128,0.26,0.97,0.2958,0.8817,0.4153,0.8154
modular_classifier,19,11,25,0.00016,128,0.26,0.97,0.2901,0.8836,0.4257,0.8171
modular_classifier,19,12,25,0.00016,128,0.26,0.97,0.281,0.8865,0.4169,0.8197
modular_classifier,2,1,25,0.00165,32,0.13,0.923,0.7488,0.741,0.5492,0.78
modular_classifier,2,2,25,0.00165,32,0.13,0.923,0.4804,0.8218,0.4701,0.7922
modular_classifier,2,3,25,0.00165,32,0.13,0.923,0.4196,0.8415,0.451,0.8001
modular_classifier,2,4,25,0.00165,32,0.13,0.923,0.3851,0.8521,0.4389,0.8067
modular_classifier,2,5,25,0.00165,32,0.13,0.923,0.3647,0.8585,0.4155,0.8107
modular_classifier,2,6,25,0.00165,32,0.13,0.923,0.3458,0.8646,0.4086,0.8123
modular_classifier,2,7,25,0.00165,32,0.13,0.923,0.3345,0.8686,0.4168,0.8071
modular_classifier,2,8,25,0.00165,32,0.13,0.923,0.3203,0.8725,0.3979,0.8211
modular_classifier,2,9,25,0.00165,32,0.13,0.923,0.3108,0.8758,0.3977,0.8251
modular_classifier,2,10,25,0.00165,32,0.13,0.923,0.3002,0.8788,0.4046,0.8174
modular_classifier,2,11,25,0.00165,32,0.13,0.923,0.2941,0.8825,0.4064,0.8174
modular_classifier,2,12,25,0.00165,32,0.13,0.923,0.2876,0.8832,0.4182,0.8176
modular_classifier,20,1,25,0.00035,64,0.16,0.929,0.6799,0.7683,0.5372,0.7779
modular_classifier,20,2,25,0.00035,64,0.16,0.929,0.4505,0.8342,0.456,0.8021
modular_classifier,20,3,25,0.00035,64,0.16,0.929,0.4021,0.8481,0.4315,0.8114
modular_classifier,20,4,25,0.00035,64,0.16,0.929,0.3698,0.8572,0.4229,0.8161
modular_classifier,20,5,25,0.00035,64,0.16,0.929,0.3474,0.8655,0.433,0.807
modular_classifier,20,6,25,0.00035,64,0.16,0.929,0.3315,0.8695,0.4062,0.8121
modular_classifier,20,7,25,0.00035,64,0.16,0.929,0.3189,0.874,0.4023,0.8188
modular_classifier,20,8,25,0.00035,64,0.16,0.929,0.3058,0.8772,0.3925,0.8256
modular_classifier,20,9,25,0.00035,64,0.16,0.929,0.2966,0.881,0.3984,0.8242
modular_classifier,20,10,25,0.00035,64,0.16,0.929,0.2848,0.8853,0.4155,0.8204
modular_classifier,20,11,25,0.00035,64,0.16,0.929,0.2769,0.888,0.4066,0.8215
modular_classifier,21,1,25,0.00061,512,0.22,0.987,0.7148,0.7627,0.515,0.7818
modular_classifier,21,2,25,0.00061,512,0.22,0.987,0.4221,0.8418,0.495,0.7864
modular_classifier,21,3,25,0.00061,512,0.22,0.987,0.3789,0.8553,0.4548,0.8014
modular_classifier,21,4,25,0.00061,512,0.22,0.987,0.3541,0.8623,0.4287,0.8117
modular_classifier,21,5,25,0.00061,512,0.22,0.987,0.3395,0.8685,0.4375,0.8088
modular_classifier,21,6,25,0.00061,512,0.22,0.987,0.3272,0.8717,0.429,0.8126
modular_classifier,21,7,25,0.00061,512,0.22,0.987,0.3165,0.8743,0.4258,0.8136
modular_classifier,21,8,25,0.00061,512,0.22,0.987,0.3076,0.8767,0.4397,0.8107
modular_classifier,21,9,25,0.00061,512,0.22,0.987,0.2997,0.8798,0.4274,0.8132
modular_classifier,22,1,25,0.00034,64,0.15,0.99,0.6816,0.7669,0.4781,0.7918
modular_classifier,22,2,25,0.00034,64,0.15,0.99,0.4509,0.8338,0.4825,0.7943
modular_classifier,22,3,25,0.00034,64,0.15,0.99,0.4066,0.8468,0.4341,0.8072
modular_classifier,22,4,25,0.00034,64,0.15,0.99,0.3783,0.8562,0.4343,0.8077
modular_classifier,22,5,25,0.00034,64,0.15,0.99,0.3598,0.8613,0.4333,0.8088
modular_classifier,22,6,25,0.00034,64,0.15,0.99,0.3444,0.8665,0.3984,0.8129
modular_classifier,22,7,25,0.00034,64,0.15,0.99,0.3323,0.8699,0.4291,0.8084
modular_classifier,22,8,25,0.00034,64,0.15,0.99,0.3223,0.8725,0.3984,0.8238
modular_classifier,22,9,25,0.00034,64,0.15,0.99,0.3137,0.8753,0.3931,0.8301
modular_classifier,22,10,25,0.00034,64,0.15,0.99,0.3055,0.8781,0.4075,0.8217
modular_classifier,22,11,25,0.00034,64,0.15,0.99,0.2967,0.8803,0.3897,0.8304
modular_classifier,22,12,25,0.00034,64,0.15,0.99,0.2911,0.8833,0.4239,0.8162
modular_classifier,22,13,25,0.00034,64,0.15,0.99,0.2867,0.8843,0.4095,0.8228
modular_classifier,22,14,25,0.00034,64,0.15,0.99,0.2806,0.8857,0.4064,0.8222
modular_classifier,23,1,25,0.0003,64,0.19,0.972,0.6936,0.7663,0.4758,0.7893
modular_classifier,23,2,25,0.0003,64,0.19,0.972,0.4542,0.8321,0.4591,0.7986
modular_classifier,23,3,25,0.0003,64,0.19,0.972,0.408,0.847,0.4334,0.8026
modular_classifier,23,4,25,0.0003,64,0.19,0.972,0.3767,0.8562,0.438,0.8054
modular_classifier,23,5,25,0.0003,64,0.19,0.972,0.357,0.862,0.4448,0.8034
modular_classifier,23,6,25,0.0003,64,0.19,0.972,0.342,0.8663,0.4413,0.8089
modular_classifier,24,1,25,0.00016,64,0.16,0.998,0.7717,0.7476,0.4843,0.7873
modular_classifier,24,2,25,0.00016,64,0.16,0.998,0.4656,0.8285,0.4503,0.8016
modular_classifier,24,3,25,0.00016,64,0.16,0.998,0.4128,0.8441,0.453,0.8023
modular_classifier,24,4,25,0.00016,64,0.16,0.998,0.385,0.8532,0.4307,0.8073
modular_classifier,24,5,25,0.00016,64,0.16,0.998,0.3632,0.8603,0.4293,0.8061
modular_classifier,24,6,25,0.00016,64,0.16,0.998,0.3468,0.865,0.4262,0.8057
modular_classifier,25,1,25,0.00049,64,0.15,0.988,0.6786,0.7669,0.4607,0.7939
modular_classifier,25,2,25,0.00049,64,0.15,0.988,0.4545,0.8326,0.481,0.7926
modular_classifier,25,3,25,0.00049,64,0.15,0.988,0.4104,0.8458,0.4425,0.8006
modular_classifier,25,4,25,0.00049,64,0.15,0.988,0.3816,0.8535,0.4389,0.8021
modular_classifier,25,5,25,0.00049,64,0.15,0.988,0.36,0.861,0.4265,0.8037
modular_classifier,25,6,25,0.00049,64,0.15,0.988,0.3456,0.8651,0.4209,0.8142
modular_classifier,25,7,25,0.00049,64,0.15,0.988,0.3331,0.8684,0.403,0.8198
modular_classifier,25,8,25,0.00049,64,0.15,0.988,0.324,0.8725,0.4105,0.8161
modular_classifier,25,9,25,0.00049,64,0.15,0.988,0.3138,0.8749,0.4088,0.8191
modular_classifier,25,10,25,0.00049,64,0.15,0.988,0.3051,0.8779,0.3921,0.8296
modular_classifier,25,11,25,0.00049,64,0.15,0.988,0.2991,0.8796,0.4306,0.8088
modular_classifier,25,12,25,0.00049,64,0.15,0.988,0.292,0.8823,0.4072,0.8215
modular_classifier,25,13,25,0.00049,64,0.15,0.988,0.2868,0.8839,0.3888,0.8278
modular_classifier,26,1,25,0.00055,1024,0.15,0.989,0.7871,0.7463,0.4971,0.7862
modular_classifier,26,2,25,0.00055,1024,0.15,0.989,0.4232,0.8414,0.4604,0.8028
modular_classifier,26,3,25,0.00055,1024,0.15,0.989,0.3744,0.8562,0.4479,0.8066
modular_classifier,26,4,25,0.00055,1024,0.15,0.989,0.3475,0.8654,0.4686,0.7978
modular_classifier,26,5,25,0.00055,1024,0.15,0.989,0.33,0.8706,0.4286,0.8182
modular_classifier,26,6,25,0.00055,1024,0.15,0.989,0.3179,0.8737,0.4433,0.8026
modular_classifier,26,7,25,0.00055,1024,0.15,0.989,0.3078,0.8775,0.4182,0.8179
modular_classifier,26,8,25,0.00055,1024,0.15,0.989,0.2983,0.8811,0.4405,0.8062
modular_classifier,27,1,25,0.00079,256,0.26,0.989,0.6551,0.7767,0.5037,0.7827
modular_classifier,27,2,25,0.00079,256,0.26,0.989,0.4301,0.84,0.4906,0.7879
modular_classifier,27,3,25,0.00079,256,0.26,0.989,0.3891,0.8538,0.4896,0.7892
modular_classifier,27,4,25,0.00079,256,0.26,0.989,0.3735,0.8575,0.4561,0.8076
modular_classifier,27,5,25,0.00079,256,0.26,0.989,0.3535,0.8639,0.4267,0.8092
modular_classifier,27,6,25,0.00079,256,0.26,0.989,0.342,0.8669,0.4348,0.808
modular_classifier,28,1,25,0.0013,32,0.22,0.974,0.7348,0.7466,0.4899,0.799
modular_classifier,28,2,25,0.0013,32,0.22,0.974,0.4858,0.8223,0.458,0.7994
modular_classifier,28,3,25,0.0013,32,0.22,0.974,0.4268,0.8398,0.4344,0.8032
modular_classifier,28,4,25,0.0013,32,0.22,0.974,0.3948,0.8503,0.4362,0.8109
modular_classifier,28,5,25,0.0013,32,0.22,0.974,0.3741,0.857,0.4544,0.8016
modular_classifier,28,6,25,0.0013,32,0.22,0.974,0.3578,0.8621,0.4561,0.8054
modular_classifier,28,7,25,0.0013,32,0.22,0.974,0.3454,0.8661,0.4142,0.8113
modular_classifier,28,8,25,0.0013,32,0.22,0.974,0.3366,0.8681,0.4156,0.8151
modular_classifier,28,9,25,0.0013,32,0.22,0.974,0.3286,0.8711,0.4156,0.8205
modular_classifier,28,10,25,0.0013,32,0.22,0.974,0.321,0.8731,0.4408,0.8103
modular_classifier,28,11,25,0.0013,32,0.22,0.974,0.3147,0.8746,0.4093,0.82
modular_classifier,28,12,25,0.0013,32,0.22,0.974,0.3093,0.8772,0.3927,0.8244
modular_classifier,28,13,25,0.0013,32,0.22,0.974,0.3037,0.8783,0.4005,0.8233
modular_classifier,28,14,25,0.0013,32,0.22,0.974,0.2973,0.8806,0.415,0.8147
modular_classifier,28,15,25,0.0013,32,0.22,0.974,0.2929,0.8828,0.4213,0.8128
modular_classifier,29,1,25,0.00016,128,0.1,0.964,0.7698,0.7505,0.499,0.7914
modular_classifier,29,2,25,0.00016,128,0.1,0.964,0.4445,0.8355,0.4588,0.8073
modular_classifier,29,3,25,0.00016,128,0.1,0.964,0.394,0.8507,0.4391,0.8013
modular_classifier,29,4,25,0.00016,128,0.1,0.964,0.3658,0.8591,0.4403,0.8023
modular_classifier,29,5,25,0.00016,128,0.1,0.964,0.3464,0.8644,0.4166,0.8127
modular_classifier,29,6,25,0.00016,128,0.1,0.964,0.3315,0.8703,0.4152,0.8118
modular_classifier,29,7,25,0.00016,128,0.1,0.964,0.3198,0.8739,0.4083,0.8141
modular_classifier,29,8,25,0.00016,128,0.1,0.964,0.3074,0.8775,0.4147,0.8152
modular_classifier,29,9,25,0.00016,128,0.1,0.964,0.2988,0.8803,0.4291,0.8152
modular_classifier,3,1,25,0.00011,32,0.2,0.998,0.8241,0.7327,0.5164,0.7873
modular_classifier,3,2,25,0.00011,32,0.2,0.998,0.4872,0.8226,0.4469,0.8022
modular_classifier,3,3,25,0.00011,32,0.2,0.998,0.4258,0.8406,0.4307,0.8043
modular_classifier,3,4,25,0.00011,32,0.2,0.998,0.3938,0.8511,0.4216,0.8153
modular_classifier,3,5,25,0.00011,32,0.2,0.998,0.3722,0.8568,0.4178,0.8131
modular_classifier,3,6,25,0.00011,32,0.2,0.998,0.3551,0.8628,0.4111,0.8135
modular_classifier,3,7,25,0.00011,32,0.2,0.998,0.341,0.8667,0.417,0.8142
modular_classifier,30,1,25,0.009,128,0.12,0.959,0.7462,0.7382,0.5244,0.7758
modular_classifier,30,2,25,0.009,128,0.12,0.959,0.4717,0.8239,0.5094,0.7845
modular_classifier,30,3,25,0.009,128,0.12,0.959,0.4312,0.8365,0.4488,0.7986
modular_classifier,30,4,25,0.009,128,0.12,0.959,0.4057,0.8465,0.4989,0.7967
modular_classifier,30,5,25,0.009,128,0.12,0.959,0.3894,0.8502,0.4836,0.7913
modular_classifier,30,6,25,0.009,128,0.12,0.959,0.3778,0.855,0.4288,0.8119
modular_classifier,30,7,25,0.009,128,0.12,0.959,0.3648,0.8585,0.4578,0.8116
modular_classifier,30,8,25,0.009,128,0.12,0.959,0.3543,0.8622,0.4286,0.8073
modular_classifier,30,9,25,0.009,128,0.12,0.959,0.3445,0.8649,0.4429,0.8042
modular_classifier,31,1,25,0.00388,64,0.15,0.915,0.7217,0.7482,0.5671,0.7703
modular_classifier,31,2,25,0.00388,64,0.15,0.915,0.4745,0.823,0.4809,0.7966
modular_classifier,31,3,25,0.00388,64,0.15,0.915,0.4211,0.8404,0.4353,0.806
modular_classifier,31,4,25,0.00388,64,0.15,0.915,0.3905,0.8512,0.4519,0.8003
modular_classifier,31,5,25,0.00388,64,0.15,0.915,0.3676,0.8573,0.4508,0.7953
modular_classifier,31,6,25,0.00388,64,0.15,0.915,0.3536,0.8625,0.432,0.8001
modular_classifier,32,1,25,0.00044,64,0.19,0.983,0.68,0.7685,0.4896,0.7861
modular_classifier,32,2,25,0.00044,64,0.19,0.983,0.4554,0.8321,0.4779,0.7964
modular_classifier,32,3,25,0.00044,64,0.19,0.983,0.4099,0.8462,0.4394,0.7986
modular_classifier,32,4,25,0.00044,64,0.19,0.983,0.3798,0.8554,0.4356,0.8017
modular_classifier,32,5,25,0.00044,64,0.19,0.983,0.361,0.8613,0.445,0.8002
modular_classifier,32,6,25,0.00044,64,0.19,0.983,0.3461,0.8656,0.4131,0.8162
modular_classifier,32,7,25,0.00044,64,0.19,0.983,0.3322,0.8696,0.4183,0.8123
modular_classifier,32,8,25,0.00044,64,0.19,0.983,0.3204,0.8733,0.4189,0.8137
modular_classifier,32,9,25,0.00044,64,0.19,0.983,0.3143,0.8748,0.4165,0.8166
modular_classifier,33,1,25,0.00029,64,0.18,0.995,0.7098,0.7614,0.5081,0.7905
modular_classifier,33,2,25,0.00029,64,0.18,0.995,0.4569,0.8312,0.4435,0.8048
modular_classifier,33,3,25,0.00029,64,0.18,0.995,0.4079,0.8466,0.4544,0.7974
modular_classifier,33,4,25,0.00029,64,0.18,0.995,0.381,0.8549,0.4299,0.8127
modular_classifier,33,5,25,0.00029,64,0.18,0.995,0.3582,0.8616,0.4387,0.8091
modular_classifier,33,6,25,0.00029,64,0.18,0.995,0.347,0.8656,0.4119,0.8192
modular_classifier,33,7,25,0.00029,64,0.18,0.995,0.3338,0.869,0.4296,0.8057
modular_classifier,33,8,25,0.00029,64,0.18,0.995,0.3229,0.8723,0.4098,0.8182
modular_classifier,33,9,25,0.00029,64,0.18,0.995,0.3152,0.8753,0.4145,0.8111
modular_classifier,34,1,25,0.00045,64,0.17,0.98,0.6791,0.7668,0.4947,0.7857
modular_classifier,34,2,25,0.00045,64,0.17,0.98,0.4558,0.8323,0.4605,0.7889
modular_classifier,34,3,25,0.00045,64,0.17,0.98,0.4109,0.8463,0.44,0.8066
modular_classifier,34,4,25,0.00045,64,0.17,0.98,0.3815,0.8552,0.4224,0.8068
modular_classifier,34,5,25,0.00045,64,0.17,0.98,0.3623,0.8596,0.4245,0.8032
modular_classifier,34,6,25,0.00045,64,0.17,0.98,0.3436,0.8666,0.4279,0.8088
modular_classifier,35,1,25,0.00071,32,0.14,0.993,0.7263,0.751,0.5235,0.7854
modular_classifier,35,2,25,0.00071,32,0.14,0.993,0.4833,0.8226,0.4578,0.7956
modular_classifier,35,3,25,0.00071,32,0.14,0.993,0.4258,0.8397,0.4197,0.8134
modular_classifier,35,4,25,0.00071,32,0.14,0.993,0.3961,0.8497,0.4294,0.8051
modular_classifier,35,5,25,0.00071,32,0.14,0.993,0.3723,0.8573,0.4353,0.8143
modular_classifier,35,6,25,0.00071,32,0.14,0.993,0.3586,0.8623,0.4328,0.8055
modular_classifier,35,7,25,0.00071,32,0.14,0.993,0.3441,0.8655,0.4269,0.8106
modular_classifier,35,8,25,0.00071,32,0.14,0.993,0.3322,0.8693,0.4305,0.8115
modular_classifier,36,1,25,0.00019,64,0.2,0.984,0.7482,0.7514,0.4961,0.784
modular_classifier,36,2,25,0.00019,64,0.2,0.984,0.4639,0.8285,0.4746,0.7919
modular_classifier,36,3,25,0.00019,64,0.2,0.984,0.413,0.8446,0.4426,0.7996
modular_classifier,36,4,25,0.00019,64,0.2,0.984,0.3829,0.8539,0.4401,0.8066
modular_classifier,36,5,25,0.00019,64,0.2,0.984,0.363,0.8605,0.4268,0.8051
modular_classifier,36,6,25,0.00019,64,0.2,0.984,0.3455,0.8648,0.4307,0.8102
modular_classifier,36,7,25,0.00019,64,0.2,0.984,0.3335,0.8696,0.4115,0.8143
modular_classifier,36,8,25,0.00019,64,0.2,0.984,0.3205,0.8731,0.4116,0.8125
modular_classifier,36,9,25,0.00019,64,0.2,0.984,0.3136,0.8753,0.4106,0.8152
modular_classifier,37,1,25,0.00032,64,0.12,0.944,0.6904,0.766,0.5067,0.7892
modular_classifier,37,2,25,0.00032,64,0.12,0.944,0.4513,0.8334,0.4452,0.7952
modular_classifier,37,3,25,0.00032,64,0.12,0.944,0.4012,0.849,0.4449,0.8011
modular_classifier,37,4,25,0.00032,64,0.12,0.944,0.3745,0.8563,0.4292,0.8087
modular_classifier,37,5,25,0.00032,64,0.12,0.944,0.3521,0.8636,0.4343,0.8063
modular_classifier,37,6,25,0.00032,64,0.12,0.944,0.3344,0.8688,0.4219,0.8077
modular_classifier,38,1,25,0.00042,256,0.14,0.974,0.6838,0.77,0.504,0.7882
modular_classifier,38,2,25,0.00042,256,0.14,0.974,0.4256,0.8408,0.4797,0.7929
modular_classifier,38,3,25,0.00042,256,0.14,0.974,0.3839,0.8548,0.4784,0.8036
modular_classifier,38,4,25,0.00042,256,0.14,0.974,0.3588,0.861,0.432,0.8009
modular_classifier,38,5,25,0.00042,256,0.14,0.974,0.343,0.8663,0.4345,0.8051
modular_classifier,38,6,25,0.00042,256,0.14,0.974,0.3302,0.87,0.4209,0.8096
modular_classifier,38,7,25,0.00042,256,0.14,0.974,0.3189,0.8733,0.4108,0.8181
modular_classifier,38,8,25,0.00042,256,0.14,0.974,0.3092,0.8765,0.4386,0.8101
modular_classifier,38,9,25,0.00042,256,0.14,0.974,0.3028,0.8795,0.4125,0.8151
modular_classifier,38,10,25,0.00042,256,0.14,0.974,0.2929,0.8824,0.4298,0.8199
modular_classifier,38,11,25,0.00042,256,0.14,0.974,0.2879,0.8844,0.4284,0.8129
modular_classifier,38,12,25,0.00042,256,0.14,0.974,0.2811,0.8867,0.4297,0.8138
modular_classifier,39,1,25,0.00028,32,0.16,0.99,0.7206,0.7554,0.4882,0.7876
modular_classifier,39,2,25,0.00028,32,0.16,0.99,0.4714,0.826,0.4671,0.7961
modular_classifier,39,3,25,0.00028,32,0.16,0.99,0.4161,0.8438,0.4336,0.8022
modular_classifier,39,4,25,0.00028,32,0.16,0.99,0.3847,0.8531,0.4461,0.8022
modular_classifier,39,5,25,0.00028,32,0.16,0.99,0.365,0.8591,0.4233,0.8141
modular_classifier,39,6,25,0.00028,32,0.16,0.99,0.351,0.8626,0.4254,0.818
modular_classifier,39,7,25,0.00028,32,0.16,0.99,0.3362,0.8685,0.4127,0.8207
modular_classifier,39,8,25,0.00028,32,0.16,0.99,0.3272,0.8706,0.4114,0.8095
modular_classifier,39,9,25,0.00028,32,0.16,0.99,0.3183,0.8743,0.3942,0.8244
modular_classifier,39,10,25,0.00028,32,0.16,0.99,0.3105,0.8772,0.3951,0.8238
modular_classifier,39,11,25,0.00028,32,0.16,0.99,0.3061,0.877,0.3935,0.8234
modular_classifier,39,12,25,0.00028,32,0.16,0.99,0.2976,0.8804,0.4226,0.8183
modular_classifier,4,1,25,0.00024,256,0.13,0.955,0.7471,0.7546,0.4964,0.7881
modular_classifier,4,2,25,0.00024,256,0.13,0.955,0.4267,0.84,0.4673,0.7939
modular_classifier,4,3,25,0.00024,256,0.13,0.955,0.3812,0.855,0.4696,0.8018
modular_classifier,4,4,25,0.00024,256,0.13,0.955,0.351,0.8635,0.4373,0.8066
modular_classifier,4,5,25,0.00024,256,0.13,0.955,0.3346,0.868,0.4592,0.7984
modular_classifier,4,6,25,0.00024,256,0.13,0.955,0.3216,0.8725,0.4469,0.8066
modular_classifier,4,7,25,0.00024,256,0.13,0.955,0.3093,0.8769,0.4235,0.8166
modular_classifier,4,8,25,0.00024,256,0.13,0.955,0.2977,0.8802,0.4205,0.8204
modular_classifier,4,9,25,0.00024,256,0.13,0.955,0.2885,0.8838,0.4252,0.8166
modular_classifier,4,10,25,0.00024,256,0.13,0.955,0.2801,0.8858,0.4301,0.8187
modular_classifier,4,11,25,0.00024,256,0.13,0.955,0.2728,0.8892,0.425,0.8218
modular_classifier,4,12,25,0.00024,256,0.13,0.955,0.265,0.8918,0.4374,0.8131
modular_classifier,4,13,25,0.00024,256,0.13,0.955,0.258,0.8945,0.4361,0.8174
modular_classifier,4,14,25,0.00024,256,0.13,0.955,0.2483,0.8985,0.4514,0.8181
modular_classifier,40,1,25,0.00013,512,0.13,0.966,1.0825,0.6787,0.5741,0.7707
modular_classifier,40,2,25,0.00013,512,0.13,0.966,0.4915,0.8241,0.4731,0.7971
modular_classifier,40,3,25,0.00013,512,0.13,0.966,0.4166,0.8459,0.4762,0.7945
modular_classifier,40,4,25,0.00013,512,0.13,0.966,0.3783,0.8571,0.4489,0.8078
modular_classifier,40,5,25,0.00013,512,0.13,0.966,0.3515,0.8643,0.4471,0.808
modular_classifier,40,6,25,0.00013,512,0.13,0.966,0.3362,0.8688,0.4389,0.8148
modular_classifier,40,7,25,0.00013,512,0.13,0.966,0.3203,0.8744,0.4418,0.8132
modular_classifier,40,8,25,0.00013,512,0.13,0.966,0.308,0.8785,0.4382,0.8123
modular_classifier,40,9,25,0.00013,512,0.13,0.966,0.2954,0.8822,0.4544,0.8108
modular_classifier,41,1,25,0.00056,128,0.28,0.997,0.6658,0.7731,0.5042,0.7899
modular_classifier,41,2,25,0.00056,128,0.28,0.997,0.4392,0.8381,0.4453,0.8029
modular_classifier,41,3,25,0.00056,128,0.28,0.997,0.4024,0.8473,0.4529,0.8021
modular_classifier,41,4,25,0.00056,128,0.28,0.997,0.3769,0.8564,0.4338,0.8076
modular_classifier,41,5,25,0.00056,128,0.28,0.997,0.3599,0.8616,0.4495,0.8089
modular_classifier,41,6,25,0.00056,128,0.28,0.997,0.3465,0.8649,0.4328,0.8089
modular_classifier,42,1,25,0.00039,64,0.14,0.993,0.6832,0.7666,0.4921,0.7843
modular_classifier,42,2,25,0.00039,64,0.14,0.993,0.4552,0.831,0.4574,0.8049
modular_classifier,42,3,25,0.00039,64,0.14,0.993,0.411,0.8447,0.4532,0.8043
modular_classifier,42,4,25,0.00039,64,0.14,0.993,0.3807,0.8551,0.4367,0.8012
modular_classifier,42,5,25,0.00039,64,0.14,0.993,0.3619,0.8601,0.4288,0.8045
modular_classifier,43,1,25,0.00025,64,0.25,0.991,0.7313,0.7561,0.4936,0.7861
modular_classifier,43,2,25,0.00025,64,0.25,0.991,0.461,0.8307,0.4474,0.8043
modular_classifier,43,3,25,0.00025,64,0.25,0.991,0.4111,0.8453,0.4591,0.8001
modular_classifier,43,4,25,0.00025,64,0.25,0.991,0.384,0.8541,0.4169,0.816
modular_classifier,43,5,25,0.00025,64,0.25,0.991,0.3635,0.8603,0.4503,0.8046
modular_classifier,43,6,25,0.00025,64,0.25,0.991,0.3467,0.866,0.4322,0.809
modular_classifier,43,7,25,0.00025,64,0.25,0.991,0.3376,0.8677,0.4076,0.8144
modular_classifier,44,1,25,0.00102,64,0.12,0.983,0.678,0.7644,0.4964,0.7819
modular_classifier,44,2,25,0.00102,64,0.12,0.983,0.463,0.8286,0.4637,0.8094
modular_classifier,44,3,25,0.00102,64,0.12,0.983,0.4136,0.8443,0.4829,0.7892
modular_classifier,44,4,25,0.00102,64,0.12,0.983,0.3869,0.8524,0.4655,0.7937
modular_classifier,44,5,25,0.00102,64,0.12,0.983,0.363,0.8605,0.412,0.8103
modular_classifier,44,6,25,0.00102,64,0.12,0.983,0.3464,0.8644,0.4054,0.8228
modular_classifier,44,7,25,0.00102,64,0.12,0.983,0.3347,0.8683,0.4103,0.8183
modular_classifier,44,8,25,0.00102,64,0.12,0.983,0.3246,0.872,0.3921,0.8273
modular_classifier,44,9,25,0.00102,64,0.12,0.983,0.3162,0.8745,0.401,0.8148
modular_classifier,44,10,25,0.00102,64,0.12,0.983,0.3073,0.8764,0.401,0.8229
modular_classifier,44,11,25,0.00102,64,0.12,0.983,0.2993,0.8802,0.4191,0.8152
modular_classifier,45,1,25,0.00051,64,0.15,0.978,0.673,0.7689,0.4967,0.7847
modular_classifier,45,2,25,0.00051,64,0.15,0.978,0.455,0.8312,0.4632,0.797
modular_classifier,45,3,25,0.00051,64,0.15,0.978,0.406,0.8463,0.4445,0.8026
modular_classifier,45,4,25,0.00051,64,0.15,0.978,0.3804,0.8549,0.444,0.8053
modular_classifier,45,5,25,0.00051,64,0.15,0.978,0.3583,0.8617,0.4378,0.8049
modular_classifier,45,6,25,0.00051,64,0.15,0.978,0.3441,0.8661,0.4246,0.8107
modular_classifier,45,7,25,0.00051,64,0.15,0.978,0.3314,0.87,0.4098,0.8196
modular_classifier,45,8,25,0.00051,64,0.15,0.978,0.3205,0.8729,0.3971,0.8252
modular_classifier,45,9,25,0.00051,64,0.15,0.978,0.3122,0.8755,0.4111,0.816
modular_classifier,45,10,25,0.00051,64,0.15,0.978,0.3021,0.8791,0.4173,0.8179
modular_classifier,45,11,25,0.00051,64,0.15,0.978,0.2965,0.8807,0.4111,0.8191
modular_classifier,46,1,25,0.00021,64,0.13,0.986,0.7217,0.7594,0.4924,0.7829
modular_classifier,46,2,25,0.00021,64,0.13,0.986,0.4554,0.8321,0.4554,0.7937
modular_classifier,46,3,25,0.00021,64,0.13,0.986,0.4076,0.8467,0.4473,0.7997
modular_classifier,46,4,25,0.00021,64,0.13,0.986,0.3779,0.8554,0.425,0.813
modular_classifier,46,5,25,0.00021,64,0.13,0.986,0.3614,0.861,0.416,0.8161
modular_classifier,46,6,25,0.00021,64,0.13,0.986,0.3436,0.8661,0.4169,0.8111
modular_classifier,46,7,25,0.00021,64,0.13,0.986,0.3313,0.8695,0.4109,0.8136
modular_classifier,46,8,25,0.00021,64,0.13,0.986,0.3208,0.8728,0.3993,0.8208
modular_classifier,46,9,25,0.00021,64,0.13,0.986,0.3128,0.8754,0.4112,0.8145
modular_classifier,46,10,25,0.00021,64,0.13,0.986,0.305,0.8784,0.4052,0.8202
modular_classifier,46,11,25,0.00021,64,0.13,0.986,0.2968,0.8806,0.3986,0.8251
modular_classifier,46,12,25,0.00021,64,0.13,0.986,0.2904,0.8826,0.4093,0.8184
modular_classifier,46,13,25,0.00021,64,0.13,0.986,0.2836,0.8845,0.4032,0.8297
modular_classifier,46,14,25,0.00021,64,0.13,0.986,0.2794,0.8866,0.4289,0.8174
modular_classifier,46,15,25,0.00021,64,0.13,0.986,0.2725,0.8891,0.4111,0.8222
modular_classifier,46,16,25,0.00021,64,0.13,0.986,0.2675,0.8904,0.4253,0.8193
modular_classifier,47,1,25,0.00013,1024,0.11,0.975,1.2654,0.6358,0.6069,0.7629
modular_classifier,47,2,25,0.00013,1024,0.11,0.975,0.5293,0.8157,0.5056,0.7899
modular_classifier,47,3,25,0.00013,1024,0.11,0.975,0.4378,0.8406,0.4922,0.7937
modular_classifier,47,4,25,0.00013,1024,0.11,0.975,0.3905,0.8535,0.4714,0.7992
modular_classifier,47,5,25,0.00013,1024,0.11,0.975,0.3625,0.8615,0.464,0.8031
modular_classifier,47,6,25,0.00013,1024,0.11,0.975,0.3399,0.8689,0.4386,0.8141
modular_classifier,47,7,25,0.00013,1024,0.11,0.975,0.3226,0.875,0.4579,0.8098
modular_classifier,47,8,25,0.00013,1024,0.11,0.975,0.3099,0.8793,0.448,0.8133
modular_classifier,47,9,25,0.00013,1024,0.11,0.975,0.2977,0.8828,0.4673,0.8101
modular_classifier,48,1,25,0.0002,64,0.13,0.999,0.7352,0.7544,0.4895,0.7884
modular_classifier,48,2,25,0.0002,64,0.13,0.999,0.454,0.8318,0.4672,0.7963
modular_classifier,48,3,25,0.0002,64,0.13,0.999,0.4073,0.8463,0.4455,0.7994
modular_classifier,48,4,25,0.0002,64,0.13,0.999,0.3754,0.8562,0.4324,0.8053
modular_classifier,48,5,25,0.0002,64,0.13,0.999,0.3587,0.862,0.434,0.8045
modular_classifier,48,6,25,0.0002,64,0.13,0.999,0.3435,0.8664,0.4041,0.8189
modular_classifier,48,7,25,0.0002,64,0.13,0.999,0.3328,0.8689,0.4431,0.8052
modular_classifier,48,8,25,0.0002,64,0.13,0.999,0.3209,0.8731,0.41,0.8147
modular_classifier,48,9,25,0.0002,64,0.13,0.999,0.3133,0.8761,0.4108,0.8156
modular_classifier,49,1,25,0.00026,128,0.16,0.96,0.7041,0.7653,0.4963,0.7927
modular_classifier,49,2,25,0.00026,128,0.16,0.96,0.4315,0.8399,0.4586,0.8006
modular_classifier,49,3,25,0.00026,128,0.16,0.96,0.3864,0.8531,0.4405,0.804
modular_classifier,49,4,25,0.00026,128,0.16,0.96,0.361,0.8611,0.4413,0.8049
modular_classifier,49,5,25,0.00026,128,0.16,0.96,0.343,0.866,0.4141,0.8141
modular_classifier,49,6,25,0.00026,128,0.16,0.96,0.3294,0.8712,0.4074,0.8159
modular_classifier,49,7,25,0.00026,128,0.16,0.96,0.3175,0.8741,0.4156,0.8122
modular_classifier,49,8,25,0.00026,128,0.16,0.96,0.306,0.8772,0.4232,0.8124
modular_classifier,49,9,25,0.00026,128,0.16,0.96,0.2964,0.8814,0.4132,0.8188
modular_classifier,49,10,25,0.00026,128,0.16,0.96,0.2882,0.8834,0.4226,0.8159
modular_classifier,49,11,25,0.00026,128,0.16,0.96,0.2805,0.8862,0.4083,0.8247
modular_classifier,49,12,25,0.00026,128,0.16,0.96,0.2717,0.8891,0.407,0.8243
modular_classifier,49,13,25,0.00026,128,0.16,0.96,0.265,0.8913,0.4074,0.8291
modular_classifier,49,14,25,0.00026,128,0.16,0.96,0.2581,0.8943,0.425,0.8236
modular_classifier,49,15,25,0.00026,128,0.16,0.96,0.2523,0.8963,0.437,0.8263
modular_classifier,49,16,25,0.00026,128,0.16,0.96,0.2459,0.8988,0.4271,0.8262
modular_classifier,5,1,25,0.00036,64,0.14,0.991,0.699,0.7635,0.5071,0.7791
modular_classifier,5,2,25,0.00036,64,0.14,0.991,0.4585,0.8318,0.4848,0.796
modular_classifier,5,3,25,0.00036,64,0.14,0.991,0.4088,0.8467,0.4634,0.7989
modular_classifier,5,4,25,0.00036,64,0.14,0.991,0.3822,0.8547,0.4237,0.8082
modular_classifier,5,5,25,0.00036,64,0.14,0.991,0.3625,0.8608,0.4233,0.8067
modular_classifier,5,6,25,0.00036,64,0.14,0.991,0.3459,0.8657,0.4221,0.813
modular_classifier,5,7,25,0.00036,64,0.14,0.991,0.3347,0.8684,0.3976,0.8252
modular_classifier,5,8,25,0.00036,64,0.14,0.991,0.324,0.8713,0.4082,0.8213
modular_classifier,5,9,25,0.00036,64,0.14,0.991,0.3146,0.8752,0.3993,0.8144
modular_classifier,5,10,25,0.00036,64,0.14,0.991,0.3047,0.8784,0.3921,0.8285
modular_classifier,5,11,25,0.00036,64,0.14,0.991,0.3001,0.8792,0.4153,0.8198
modular_classifier,5,12,25,0.00036,64,0.14,0.991,0.2941,0.8822,0.4088,0.8222
modular_classifier,5,13,25,0.00036,64,0.14,0.991,0.287,0.8834,0.4221,0.8231
modular_classifier,50,1,25,0.00025,128,0.13,0.971,0.7272,0.7592,0.5248,0.7779
modular_classifier,50,2,25,0.00025,128,0.13,0.971,0.4439,0.8354,0.4796,0.7923
modular_classifier,50,3,25,0.00025,128,0.13,0.971,0.3952,0.8496,0.4482,0.8033
modular_classifier,50,4,25,0.00025,128,0.13,0.971,0.3695,0.8586,0.4273,0.8077
modular_classifier,50,5,25,0.00025,128,0.13,0.971,0.3498,0.8647,0.4139,0.8143
modular_classifier,50,6,25,0.00025,128,0.13,0.971,0.336,0.8685,0.4232,0.8139
modular_classifier,50,7,25,0.00025,128,0.13,0.971,0.3237,0.8723,0.4329,0.8047
modular_classifier,50,8,25,0.00025,128,0.13,0.971,0.311,0.8758,0.4284,0.8171
modular_classifier,50,9,25,0.00025,128,0.13,0.971,0.3037,0.8778,0.4253,0.8131
modular_classifier,50,10,25,0.00025,128,0.13,0.971,0.2956,0.8814,0.4139,0.8241
modular_classifier,50,11,25,0.00025,128,0.13,0.971,0.2869,0.8842,0.4224,0.8197
modular_classifier,50,12,25,0.00025,128,0.13,0.971,0.2801,0.8869,0.4067,0.8285
modular_classifier,50,13,25,0.00025,128,0.13,0.971,0.273,0.8889,0.4147,0.8247
modular_classifier,50,14,25,0.00025,128,0.13,0.971,0.2649,0.8922,0.4343,0.8246
modular_classifier,50,15,25,0.00025,128,0.13,0.971,0.2601,0.8936,0.4229,0.8254
modular_classifier,6,1,25,0.00677,128,0.11,0.968,0.6961,0.7534,1.3689,0.6334
modular_classifier,6,2,25,0.00677,128,0.11,0.968,0.4603,0.8269,0.4702,0.7953
modular_classifier,6,3,25,0.00677,128,0.11,0.968,0.4188,0.8408,0.4883,0.7932
modular_classifier,6,4,25,0.00677,128,0.11,0.968,0.3985,0.847,0.4599,0.8006
modular_classifier,6,5,25,0.00677,128,0.11,0.968,0.3804,0.8531,0.4236,0.8093
modular_classifier,6,6,25,0.00677,128,0.11,0.968,0.3692,0.858,0.4366,0.8017
modular_classifier,6,7,25,0.00677,128,0.11,0.968,0.3545,0.8621,0.4184,0.812
modular_classifier,6,8,25,0.00677,128,0.11,0.968,0.3456,0.8651,0.4613,0.8002
modular_classifier,6,9,25,0.00677,128,0.11,0.968,0.3379,0.867,0.4524,0.8012
modular_classifier,6,10,25,0.00677,128,0.11,0.968,0.3299,0.8694,0.4818,0.8009
modular_classifier,7,1,25,0.00037,128,0.24,0.984,0.695,0.7657,0.4916,0.7898
modular_classifier,7,2,25,0.00037,128,0.24,0.984,0.4428,0.8355,0.4738,0.7955
modular_classifier,7,3,25,0.00037,128,0.24,0.984,0.3972,0.8498,0.4512,0.8003
modular_classifier,7,4,25,0.00037,128,0.24,0.984,0.3731,0.8569,0.4456,0.8004
modular_classifier,7,5,25,0.00037,128,0.24,0.984,0.3549,0.8642,0.4218,0.8057
modular_classifier,7,6,25,0.00037,128,0.24,0.984,0.3408,0.8676,0.4325,0.8076
modular_classifier,7,7,25,0.00037,128,0.24,0.984,0.3287,0.8711,0.4254,0.8095
modular_classifier,7,8,25,0.00037,128,0.24,0.984,0.3194,0.8736,0.461,0.7988
modular_classifier,7,9,25,0.00037,128,0.24,0.984,0.3106,0.8767,0.4067,0.8152
modular_classifier,7,10,25,0.00037,128,0.24,0.984,0.3016,0.8794,0.4212,0.8176
modular_classifier,7,11,25,0.00037,128,0.24,0.984,0.2961,0.8808,0.4277,0.814
modular_classifier,7,12,25,0.00037,128,0.24,0.984,0.289,0.8836,0.4104,0.8216
modular_classifier,7,13,25,0.00037,128,0.24,0.984,0.282,0.8854,0.4126,0.8247
modular_classifier,7,14,25,0.00037,128,0.24,0.984,0.2768,0.8874,0.4084,0.8318
modular_classifier,7,15,25,0.00037,128,0.24,0.984,0.2723,0.8895,0.4376,0.8238
modular_classifier,7,16,25,0.00037,128,0.24,0.984,0.265,0.8918,0.4008,0.8252
modular_classifier,7,17,25,0.00037,128,0.24,0.984,0.2604,0.8941,0.4426,0.8214
modular_classifier,8,1,25,0.00064,512,0.24,0.953,0.7099,0.7635,0.4753,0.8007
modular_classifier,8,2,25,0.00064,512,0.24,0.953,0.4138,0.8439,0.5034,0.7883
modular_classifier,8,3,25,0.00064,512,0.24,0.953,0.3721,0.857,0.4458,0.8107
modular_classifier,8,4,25,0.00064,512,0.24,0.953,0.3496,0.8644,0.4424,0.8056
modular_classifier,8,5,25,0.00064,512,0.24,0.953,0.3316,0.8707,0.4785,0.7939
modular_classifier,8,6,25,0.00064,512,0.24,0.953,0.3199,0.8728,0.4435,0.8076
modular_classifier,9,1,25,0.00011,512,0.24,0.994,1.1936,0.6503,0.5687,0.7743
modular_classifier,9,2,25,0.00011,512,0.24,0.994,0.5224,0.8169,0.4988,0.7907
modular_classifier,9,3,25,0.00011,512,0.24,0.994,0.4371,0.8398,0.4734,0.7988
modular_classifier,9,4,25,0.00011,512,0.24,0.994,0.3936,0.8527,0.4591,0.801
modular_classifier,9,5,25,0.00011,512,0.24,0.994,0.3677,0.8603,0.462,0.8019
modular_classifier,9,6,25,0.00011,512,0.24,0.994,0.3471,0.8661,0.4366,0.816
modular_classifier,9,7,25,0.00011,512,0.24,0.994,0.3315,0.871,0.457,0.8017
modular_classifier,9,8,25,0.00011,512,0.24,0.994,0.3192,0.8752,0.4342,0.8127
modular_classifier,9,9,25,0.00011,512,0.24,0.994,0.3062,0.8792,0.4608,0.8023
